name,annotation
w_7812.jpg,0
w_4598.jpg,0
w_3828.jpg,2
w_8734.jpg,0
w_3251.jpg,2
w_8063.jpg,0
w_5624.jpg,2
w_825.jpg,2
w_3974.jpg,0
w_3049.jpg,0
w_6660.jpg,0
w_3909.jpg,2
w_2632.jpg,0
w_7754.jpg,2
w_1681.jpg,2
w_4130.jpg,0
w_1194.jpg,0
w_5390.jpg,1
w_8923.jpg,2
w_8790.jpg,2
w_4522.jpg,0
w_6695.jpg,2
w_1052.jpg,2
w_7212.jpg,0
w_735.jpg,2
w_3805.jpg,0
w_707.jpg,0
w_9271.jpg,0
w_7097.jpg,2
w_3779.jpg,2
w_5312.jpg,2
w_6038.jpg,2
w_5859.jpg,0
w_6731.jpg,0
w_4144.jpg,2
w_4817.jpg,0
w_2319.jpg,2
w_446.jpg,2
w_8673.jpg,2
w_5770.jpg,0
w_133.jpg,2
w_3003.jpg,0
w_5033.jpg,2
w_6015.jpg,0
w_6511.jpg,2
w_2935.jpg,0
w_4664.jpg,0
w_5938.jpg,0
w_8430.jpg,2
w_9105.jpg,2
w_6365.jpg,0
w_2577.jpg,2
w_8281.jpg,2
w_3392.jpg,0
w_9358.jpg,0
w_8357.jpg,0
w_2883.jpg,2
w_1087.jpg,0
w_9328.jpg,2
w_4469.jpg,2
w_3983.jpg,2
w_4441.jpg,2
w_7702.jpg,2
w_1325.jpg,0
w_7416.jpg,1
w_4213.jpg,0
w_869.jpg,2
w_9376.jpg,2
w_5075.jpg,0
w_1057.jpg,0
w_4261.jpg,0
w_4974.jpg,0
w_2469.jpg,0
w_3807.jpg,0
w_1264.jpg,0
w_6066.jpg,0
w_6052.jpg,0
w_5811.jpg,1
w_3444.jpg,2
w_8582.jpg,2
w_8962.jpg,0
w_6326.jpg,2
w_2989.jpg,0
w_5587.jpg,2
w_7405.jpg,2
w_527.jpg,2
w_2302.jpg,2
w_3403.jpg,0
w_7462.jpg,0
w_3777.jpg,2
w_4895.jpg,2
w_6563.jpg,0
w_6882.jpg,2
w_4706.jpg,0
w_2578.jpg,0
w_9406.jpg,2
w_4071.jpg,0
w_2212.jpg,2
w_8153.jpg,0
w_3648.jpg,0
w_5084.jpg,0
w_1654.jpg,0
w_6801.jpg,0
w_6612.jpg,0
w_5032.jpg,0
w_1115.jpg,0
w_7935.jpg,2
w_2185.jpg,2
w_6303.jpg,2
w_4961.jpg,0
w_4435.jpg,2
w_112.jpg,2
w_7622.jpg,0
w_6262.jpg,2
w_8756.jpg,2
w_4277.jpg,2
w_1683.jpg,0
w_1477.jpg,2
w_4236.jpg,2
w_2078.jpg,0
w_353.jpg,0
w_3326.jpg,2
w_4561.jpg,2
w_8024.jpg,0
w_7828.jpg,0
w_1766.jpg,2
w_1992.jpg,2
w_4436.jpg,0
w_7392.jpg,2
w_3237.jpg,2
w_354.jpg,2
w_2133.jpg,2
w_8556.jpg,0
w_7218.jpg,0
w_8157.jpg,2
w_8666.jpg,2
w_3159.jpg,0
w_6141.jpg,2
w_5262.jpg,0
w_1953.jpg,2
w_4488.jpg,0
w_3144.jpg,2
w_3875.jpg,0
w_2462.jpg,0
w_3239.jpg,0
w_142.jpg,2
w_3770.jpg,2
w_3415.jpg,2
w_5177.jpg,2
w_7852.jpg,0
w_3131.jpg,2
w_1617.jpg,2
w_9126.jpg,0
w_6867.jpg,0
w_8868.jpg,2
w_2322.jpg,2
w_3007.jpg,0
w_6357.jpg,0
w_4134.jpg,2
w_3935.jpg,2
w_9197.jpg,0
w_4927.jpg,2
w_3527.jpg,2
w_7093.jpg,0
w_6276.jpg,0
w_3776.jpg,0
w_8299.jpg,2
w_1856.jpg,2
w_6828.jpg,2
w_8918.jpg,0
w_4515.jpg,2
w_9464.jpg,0
w_2254.jpg,0
w_6707.jpg,2
w_6054.jpg,0
w_710.jpg,0
w_3627.jpg,2
w_1063.jpg,2
w_3969.jpg,2
w_3339.jpg,2
w_3420.jpg,0
w_6665.jpg,2
w_4240.jpg,0
w_6110.jpg,1
w_9084.jpg,2
w_6620.jpg,0
w_5557.jpg,2
w_9465.jpg,2
w_7070.jpg,2
w_317.jpg,2
w_348.jpg,2
w_3625.jpg,2
w_8547.jpg,2
w_4181.jpg,0
w_1438.jpg,2
w_6336.jpg,2
w_8377.jpg,2
w_4028.jpg,0
w_3074.jpg,0
w_256.jpg,2
w_8140.jpg,0
w_5805.jpg,0
w_6447.jpg,0
w_1975.jpg,2
w_8475.jpg,2
w_8754.jpg,0
w_5553.jpg,2
w_5021.jpg,0
w_1867.jpg,2
w_1273.jpg,0
w_6640.jpg,2
w_1381.jpg,2
w_4678.jpg,2
w_6402.jpg,2
w_7282.jpg,2
w_7376.jpg,2
w_1352.jpg,0
w_1741.jpg,0
w_2171.jpg,2
w_2907.jpg,0
w_7531.jpg,0
w_6504.jpg,0
w_1736.jpg,0
w_4504.jpg,0
w_8159.jpg,0
w_4692.jpg,2
w_7516.jpg,2
w_5165.jpg,2
w_2993.jpg,2
w_6759.jpg,0
w_8216.jpg,0
w_7567.jpg,0
w_4989.jpg,0
w_222.jpg,0
w_5775.jpg,2
w_8768.jpg,2
w_8942.jpg,0
w_5571.jpg,0
w_1308.jpg,0
w_3305.jpg,0
w_5892.jpg,0
w_2545.jpg,2
w_6181.jpg,0
w_3515.jpg,2
w_847.jpg,0
w_7327.jpg,0
w_3506.jpg,0
w_3462.jpg,0
w_1780.jpg,0
w_6363.jpg,0
w_4390.jpg,2
w_1827.jpg,0
w_272.jpg,2
w_4758.jpg,2
w_2001.jpg,0
w_4050.jpg,2
w_6797.jpg,2
w_984.jpg,2
w_4551.jpg,0
w_9015.jpg,0
w_8141.jpg,2
w_9396.jpg,2
w_5779.jpg,0
w_3492.jpg,0
w_9092.jpg,2
w_4889.jpg,0
w_6539.jpg,2
w_199.jpg,2
w_8290.jpg,2
w_3385.jpg,2
w_1619.jpg,2
w_1636.jpg,0
w_597.jpg,2
w_1296.jpg,0
w_2301.jpg,2
w_9233.jpg,2
w_3953.jpg,0
w_8934.jpg,0
w_7401.jpg,2
w_1277.jpg,2
w_888.jpg,2
w_969.jpg,0
w_4328.jpg,0
w_985.jpg,2
w_5514.jpg,0
w_8685.jpg,2
w_416.jpg,2
w_8164.jpg,0
w_7128.jpg,0
w_5129.jpg,2
w_1382.jpg,2
w_7452.jpg,2
w_1506.jpg,2
w_4256.jpg,2
w_5062.jpg,2
w_7115.jpg,0
w_2861.jpg,0
w_7795.jpg,0
w_1568.jpg,2
w_69.jpg,2
w_5207.jpg,2
w_7573.jpg,0
w_8428.jpg,2
w_6764.jpg,0
w_3494.jpg,2
w_9286.jpg,2
w_1604.jpg,0
w_571.jpg,2
w_8347.jpg,0
w_8588.jpg,0
w_3801.jpg,2
w_201.jpg,2
w_8706.jpg,2
w_7295.jpg,0
w_876.jpg,2
w_536.jpg,0
w_1323.jpg,2
w_560.jpg,2
w_1905.jpg,0
w_4374.jpg,0
w_5416.jpg,2
w_3249.jpg,0
w_1245.jpg,2
w_8719.jpg,2
w_3071.jpg,0
w_5222.jpg,0
w_5249.jpg,2
w_2664.jpg,2
w_1527.jpg,0
w_5485.jpg,0
w_3027.jpg,0
w_1218.jpg,0
w_5484.jpg,2
w_5274.jpg,0
w_9088.jpg,2
w_8083.jpg,0
w_3978.jpg,2
w_4759.jpg,0
w_3320.jpg,0
w_8421.jpg,0
w_2020.jpg,0
w_284.jpg,2
w_9047.jpg,0
w_7449.jpg,2
w_4251.jpg,0
w_6753.jpg,2
w_8143.jpg,0
w_5785.jpg,0
w_7790.jpg,2
w_5980.jpg,2
w_214.jpg,2
w_7109.jpg,2
w_4123.jpg,0
w_6656.jpg,2
w_2543.jpg,2
w_5844.jpg,0
w_3024.jpg,2
w_2251.jpg,0
w_5652.jpg,0
w_2440.jpg,2
w_4771.jpg,0
w_2287.jpg,0
w_1280.jpg,2
w_5476.jpg,0
w_3395.jpg,0
w_7237.jpg,0
w_163.jpg,2
w_4463.jpg,0
w_2788.jpg,0
w_4851.jpg,2
w_1348.jpg,2
w_9394.jpg,2
w_3476.jpg,0
w_1265.jpg,0
w_9217.jpg,0
w_4888.jpg,0
w_1328.jpg,2
w_6547.jpg,0
w_4904.jpg,2
w_3688.jpg,0
w_3313.jpg,2
w_7863.jpg,2
w_7258.jpg,2
w_8032.jpg,2
w_6685.jpg,2
w_568.jpg,0
w_1454.jpg,0
w_3542.jpg,0
w_8881.jpg,2
w_5399.jpg,2
w_9231.jpg,0
w_1868.jpg,2
w_3893.jpg,0
w_5259.jpg,0
w_1093.jpg,2
w_4757.jpg,2
w_577.jpg,0
w_6534.jpg,0
w_6095.jpg,2
w_6564.jpg,0
w_3711.jpg,0
w_5784.jpg,0
w_5846.jpg,2
w_2398.jpg,2
w_9049.jpg,2
w_5138.jpg,0
w_299.jpg,0
w_3127.jpg,0
w_2198.jpg,0
w_1608.jpg,1
w_5991.jpg,2
w_7598.jpg,2
w_6556.jpg,2
w_3977.jpg,2
w_6025.jpg,0
w_2742.jpg,2
w_798.jpg,0
w_8893.jpg,0
w_2063.jpg,2
w_2404.jpg,0
w_6818.jpg,0
w_8453.jpg,2
w_7950.jpg,0
w_4587.jpg,0
w_5293.jpg,2
w_7942.jpg,2
w_3979.jpg,2
w_5839.jpg,2
w_8646.jpg,0
w_4189.jpg,0
w_647.jpg,2
w_8559.jpg,0
w_4505.jpg,2
w_6394.jpg,2
w_3623.jpg,0
w_6094.jpg,0
w_1233.jpg,0
w_1595.jpg,0
w_3081.jpg,0
w_132.jpg,2
w_2255.jpg,2
w_3847.jpg,0
w_641.jpg,0
w_2717.jpg,2
w_6996.jpg,2
w_961.jpg,2
w_709.jpg,0
w_7041.jpg,2
w_4915.jpg,2
w_7605.jpg,2
w_9043.jpg,2
w_4727.jpg,0
w_7394.jpg,2
w_8630.jpg,0
w_7944.jpg,2
w_1117.jpg,2
w_2379.jpg,0
w_7271.jpg,2
w_5185.jpg,2
w_5434.jpg,2
w_3141.jpg,0
w_622.jpg,2
w_3484.jpg,2
w_6690.jpg,0
w_4025.jpg,2
w_1388.jpg,0
w_6434.jpg,2
w_4672.jpg,2
w_1603.jpg,2
w_8106.jpg,2
w_8061.jpg,0
w_1588.jpg,2
w_7263.jpg,2
w_4799.jpg,2
w_9209.jpg,0
w_4661.jpg,0
w_1423.jpg,0
w_7775.jpg,0
w_3368.jpg,0
w_9426.jpg,2
w_4237.jpg,0
w_6423.jpg,0
w_657.jpg,0
w_564.jpg,0
w_4612.jpg,0
w_991.jpg,2
w_8877.jpg,2
w_3406.jpg,0
w_9237.jpg,2
w_6206.jpg,2
w_3920.jpg,0
w_3530.jpg,1
w_3543.jpg,2
w_3925.jpg,0
w_6430.jpg,0
w_2190.jpg,2
w_8209.jpg,0
w_3235.jpg,2
w_770.jpg,2
w_470.jpg,2
w_661.jpg,2
w_6008.jpg,0
w_579.jpg,0
w_1753.jpg,2
w_3009.jpg,2
w_5585.jpg,0
w_314.jpg,0
w_2608.jpg,2
w_631.jpg,0
w_906.jpg,2
w_5808.jpg,0
w_3455.jpg,0
w_4481.jpg,2
w_746.jpg,0
w_7875.jpg,2
w_2128.jpg,0
w_7639.jpg,0
w_2444.jpg,0
w_6486.jpg,2
w_1713.jpg,0
w_1310.jpg,2
w_2597.jpg,2
w_8847.jpg,0
w_181.jpg,0
w_1281.jpg,2
w_7025.jpg,2
w_764.jpg,0
w_7292.jpg,2
w_9391.jpg,0
w_6725.jpg,2
w_3959.jpg,0
w_8485.jpg,2
w_6288.jpg,2
w_4498.jpg,0
w_8966.jpg,0
w_7810.jpg,2
w_1651.jpg,2
w_4990.jpg,2
w_4195.jpg,0
w_7219.jpg,0
w_8770.jpg,0
w_3425.jpg,2
w_5337.jpg,2
w_6736.jpg,0
w_3845.jpg,0
w_7071.jpg,2
w_690.jpg,2
w_7408.jpg,2
w_4058.jpg,0
w_5437.jpg,2
w_2494.jpg,2
w_4832.jpg,0
w_6626.jpg,2
w_6228.jpg,0
w_1646.jpg,0
w_4717.jpg,2
w_408.jpg,0
w_9412.jpg,0
w_485.jpg,0
w_4984.jpg,0
w_7843.jpg,0
w_7189.jpg,2
w_8240.jpg,0
w_8484.jpg,0
w_8664.jpg,0
w_962.jpg,2
w_2866.jpg,2
w_655.jpg,0
w_7482.jpg,0
w_1888.jpg,0
w_2606.jpg,2
w_2072.jpg,2
w_5453.jpg,0
w_1986.jpg,2
w_8762.jpg,2
w_7651.jpg,0
w_6493.jpg,0
w_6522.jpg,2
w_9082.jpg,0
w_2276.jpg,2
w_986.jpg,0
w_8297.jpg,2
w_3241.jpg,0
w_2130.jpg,0
w_6166.jpg,0
w_1453.jpg,0
w_2592.jpg,0
w_1994.jpg,2
w_6524.jpg,0
w_2680.jpg,0
w_2613.jpg,0
w_2609.jpg,0
w_7260.jpg,2
w_915.jpg,0
w_9027.jpg,1
w_719.jpg,0
w_7157.jpg,2
w_9205.jpg,0
w_99.jpg,2
w_2450.jpg,0
w_8160.jpg,2
w_4421.jpg,2
w_1541.jpg,0
w_5747.jpg,1
w_1393.jpg,0
w_3773.jpg,2
w_6161.jpg,0
w_1435.jpg,0
w_3080.jpg,2
w_6338.jpg,0
w_7465.jpg,0
w_4450.jpg,2
w_5377.jpg,0
w_1613.jpg,0
w_6947.jpg,0
w_9077.jpg,2
w_6859.jpg,0
w_7854.jpg,0
w_6622.jpg,2
w_7137.jpg,0
w_8177.jpg,0
w_4483.jpg,0
w_2997.jpg,0
w_4088.jpg,0
w_4404.jpg,0
w_9365.jpg,2
w_4650.jpg,0
w_3295.jpg,0
w_7418.jpg,0
w_5266.jpg,0
w_7129.jpg,0
w_2525.jpg,2
w_7316.jpg,2
w_7038.jpg,2
w_6638.jpg,2
w_2481.jpg,2
w_403.jpg,0
w_1459.jpg,0
w_7385.jpg,0
w_8956.jpg,0
w_4046.jpg,0
w_8132.jpg,0
w_5714.jpg,2
w_582.jpg,2
w_2595.jpg,2
w_3747.jpg,2
w_7014.jpg,0
w_1705.jpg,0
w_4722.jpg,2
w_9089.jpg,2
w_472.jpg,2
w_5195.jpg,2
w_315.jpg,2
w_5687.jpg,2
w_343.jpg,0
w_5428.jpg,0
w_2877.jpg,2
w_3351.jpg,2
w_3934.jpg,2
w_3545.jpg,2
w_4621.jpg,2
w_5727.jpg,0
w_2880.jpg,0
w_4959.jpg,2
w_5429.jpg,2
w_6346.jpg,2
w_5536.jpg,2
w_7677.jpg,0
w_455.jpg,2
w_5099.jpg,0
w_7335.jpg,2
w_6268.jpg,0
w_7652.jpg,0
w_2816.jpg,0
w_1983.jpg,0
w_2911.jpg,0
w_5427.jpg,0
w_8941.jpg,2
w_8769.jpg,2
w_5102.jpg,2
w_9313.jpg,2
w_9093.jpg,2
w_1026.jpg,0
w_2518.jpg,2
w_4371.jpg,2
w_9075.jpg,2
w_8019.jpg,2
w_5931.jpg,2
w_5051.jpg,2
w_5327.jpg,0
w_2199.jpg,2
w_8072.jpg,0
w_7589.jpg,0
w_3691.jpg,2
w_9072.jpg,2
w_482.jpg,0
w_1899.jpg,0
w_8970.jpg,0
w_1024.jpg,0
w_3512.jpg,2
w_782.jpg,0
w_8909.jpg,0
w_3509.jpg,2
w_6701.jpg,0
w_2645.jpg,0
w_5376.jpg,0
w_9346.jpg,0
w_6798.jpg,0
w_742.jpg,2
w_6991.jpg,0
w_7640.jpg,2
w_74.jpg,0
w_7501.jpg,2
w_7447.jpg,0
w_9137.jpg,2
w_7205.jpg,0
w_4350.jpg,0
w_8976.jpg,2
w_1068.jpg,0
w_3902.jpg,0
w_840.jpg,2
w_9147.jpg,2
w_8039.jpg,2
w_4552.jpg,0
w_8161.jpg,0
w_2747.jpg,2
w_1518.jpg,2
w_9095.jpg,0
w_7387.jpg,0
w_8816.jpg,0
w_7993.jpg,0
w_8005.jpg,2
w_4179.jpg,2
w_934.jpg,0
w_1373.jpg,2
w_5511.jpg,0
w_2405.jpg,0
w_6453.jpg,2
w_5720.jpg,2
w_6044.jpg,2
w_3844.jpg,0
w_7859.jpg,0
w_8494.jpg,0
w_8170.jpg,0
w_3810.jpg,2
w_8282.jpg,2
w_8748.jpg,0
w_952.jpg,2
w_6002.jpg,2
w_3357.jpg,2
w_8848.jpg,2
w_3808.jpg,0
w_1525.jpg,2
w_755.jpg,2
w_5247.jpg,2
w_5196.jpg,0
w_8863.jpg,0
w_7425.jpg,0
w_4127.jpg,0
w_3751.jpg,0
w_2753.jpg,2
w_2868.jpg,2
w_2206.jpg,2
w_1210.jpg,2
w_5987.jpg,0
w_4249.jpg,2
w_4012.jpg,2
w_4660.jpg,0
w_4545.jpg,2
w_2737.jpg,0
w_651.jpg,2
w_7927.jpg,2
w_484.jpg,2
w_4113.jpg,0
w_296.jpg,0
w_7059.jpg,0
w_5873.jpg,0
w_2145.jpg,0
w_6588.jpg,2
w_9125.jpg,2
w_1000.jpg,2
w_1411.jpg,0
w_6834.jpg,2
w_8585.jpg,2
w_8724.jpg,2
w_5651.jpg,0
w_9086.jpg,2
w_2786.jpg,2
w_4018.jpg,2
w_5909.jpg,0
w_3584.jpg,2
w_3831.jpg,2
w_7590.jpg,0
w_7015.jpg,2
w_3010.jpg,2
w_5463.jpg,0
w_323.jpg,2
w_3794.jpg,2
w_5857.jpg,0
w_8201.jpg,0
w_837.jpg,2
w_946.jpg,2
w_9100.jpg,2
w_4821.jpg,2
w_2238.jpg,2
w_2698.jpg,0
w_6625.jpg,2
w_3994.jpg,2
w_5109.jpg,2
w_7039.jpg,0
w_1206.jpg,2
w_584.jpg,0
w_7366.jpg,2
w_9372.jpg,0
w_8118.jpg,0
w_1764.jpg,0
w_7513.jpg,0
w_2111.jpg,0
w_3427.jpg,0
w_8840.jpg,0
w_3051.jpg,2
w_8617.jpg,2
w_5308.jpg,2
w_7746.jpg,0
w_7470.jpg,1
w_4394.jpg,0
w_5307.jpg,2
w_3134.jpg,0
w_9061.jpg,2
w_8546.jpg,0
w_2249.jpg,0
w_4524.jpg,0
w_5332.jpg,2
w_8593.jpg,0
w_9329.jpg,0
w_7502.jpg,2
w_8714.jpg,0
w_3809.jpg,2
w_6855.jpg,2
w_7062.jpg,0
w_6431.jpg,0
w_1377.jpg,0
w_1329.jpg,0
w_143.jpg,0
w_1807.jpg,0
w_7663.jpg,2
w_5576.jpg,2
w_6429.jpg,2
w_6839.jpg,2
w_3635.jpg,2
w_298.jpg,0
w_404.jpg,0
w_1553.jpg,0
w_3830.jpg,2
w_886.jpg,2
w_7654.jpg,2
w_8684.jpg,2
w_5981.jpg,2
w_8662.jpg,2
w_4217.jpg,0
w_1279.jpg,2
w_4768.jpg,2
w_8271.jpg,2
w_866.jpg,0
w_1881.jpg,0
w_5126.jpg,2
w_6699.jpg,0
w_8916.jpg,0
w_4553.jpg,2
w_4358.jpg,2
w_2918.jpg,0
w_7576.jpg,0
w_1455.jpg,0
w_4223.jpg,0
w_5734.jpg,0
w_4053.jpg,0
w_2048.jpg,0
w_5782.jpg,2
w_5094.jpg,2
w_2932.jpg,2
w_8276.jpg,0
w_6478.jpg,2
w_4688.jpg,2
w_7867.jpg,2
w_402.jpg,2
w_7464.jpg,1
w_1313.jpg,2
w_6442.jpg,0
w_5157.jpg,2
w_6852.jpg,0
w_516.jpg,0
w_3985.jpg,2
w_258.jpg,2
w_9298.jpg,2
w_175.jpg,0
w_6803.jpg,2
w_1359.jpg,2
w_2203.jpg,2
w_1337.jpg,0
w_7228.jpg,0
w_3763.jpg,0
w_6446.jpg,2
w_8613.jpg,2
w_2654.jpg,2
w_9410.jpg,0
w_992.jpg,2
w_9183.jpg,2
w_9036.jpg,2
w_4367.jpg,2
w_3164.jpg,0
w_3168.jpg,0
w_3358.jpg,2
w_8750.jpg,2
w_413.jpg,0
w_7202.jpg,0
w_243.jpg,2
w_8895.jpg,2
w_3793.jpg,0
w_9435.jpg,2
w_6763.jpg,2
w_9001.jpg,2
w_5318.jpg,0
w_4763.jpg,0
w_3106.jpg,0
w_1583.jpg,0
w_8175.jpg,2
w_4476.jpg,0
w_9263.jpg,2
w_927.jpg,2
w_1266.jpg,0
w_5360.jpg,2
w_5065.jpg,2
w_8184.jpg,2
w_1818.jpg,0
w_5725.jpg,2
w_8280.jpg,2
w_2537.jpg,0
w_5105.jpg,0
w_2783.jpg,2
w_4793.jpg,2
w_9401.jpg,2
w_6258.jpg,2
w_3364.jpg,0
w_8661.jpg,2
w_3710.jpg,0
w_4131.jpg,2
w_2646.jpg,0
w_3917.jpg,0
w_9035.jpg,0
w_4293.jpg,2
w_936.jpg,2
w_5178.jpg,0
w_3176.jpg,0
w_7574.jpg,0
w_97.jpg,2
w_1397.jpg,2
w_5384.jpg,2
w_3468.jpg,0
w_5137.jpg,2
w_609.jpg,0
w_8088.jpg,2
w_4381.jpg,0
w_2340.jpg,2
w_3459.jpg,2
w_6642.jpg,2
w_9099.jpg,0
w_8604.jpg,2
w_2705.jpg,0
w_3192.jpg,0
w_4140.jpg,0
w_9153.jpg,0
w_1035.jpg,2
w_4392.jpg,2
w_3327.jpg,0
w_4013.jpg,2
w_8542.jpg,2
w_7310.jpg,0
w_9181.jpg,0
w_16.jpg,2
w_2940.jpg,0
w_5554.jpg,2
w_3429.jpg,2
w_8838.jpg,0
w_1995.jpg,0
w_2563.jpg,0
w_7288.jpg,0
w_1932.jpg,2
w_2828.jpg,0
w_2131.jpg,0
w_6087.jpg,0
w_4403.jpg,2
w_2652.jpg,0
w_7544.jpg,2
w_2372.jpg,2
w_2070.jpg,2
w_2036.jpg,2
w_5800.jpg,2
w_269.jpg,2
w_7437.jpg,2
w_6199.jpg,2
w_4517.jpg,0
w_9466.jpg,2
w_6490.jpg,0
w_1157.jpg,2
w_5885.jpg,0
w_2492.jpg,2
w_993.jpg,2
w_2870.jpg,2
w_3100.jpg,0
w_5410.jpg,2
w_1949.jpg,2
w_1067.jpg,0
w_6210.jpg,0
w_3916.jpg,2
w_4955.jpg,2
w_2955.jpg,2
w_6506.jpg,2
w_822.jpg,0
w_1537.jpg,2
w_2493.jpg,0
w_8454.jpg,2
w_5241.jpg,0
w_5221.jpg,2
w_8702.jpg,2
w_2056.jpg,0
w_1466.jpg,2
w_3202.jpg,0
w_1589.jpg,0
w_6449.jpg,0
w_6340.jpg,0
w_7653.jpg,2
w_646.jpg,0
w_9133.jpg,0
w_4567.jpg,0
w_8636.jpg,2
w_1530.jpg,0
w_8785.jpg,2
w_7898.jpg,2
w_3957.jpg,2
w_5622.jpg,2
w_2897.jpg,0
w_5452.jpg,2
w_4581.jpg,2
w_4191.jpg,2
w_3184.jpg,0
w_8626.jpg,2
w_4514.jpg,0
w_2396.jpg,0
w_6526.jpg,2
w_4554.jpg,2
w_4858.jpg,2
w_3417.jpg,0
w_5668.jpg,0
w_8081.jpg,1
w_5002.jpg,2
w_7945.jpg,0
w_8248.jpg,0
w_5739.jpg,0
w_1997.jpg,2
w_4918.jpg,0
w_3073.jpg,0
w_7426.jpg,0
w_9164.jpg,0
w_1828.jpg,2
w_3507.jpg,0
w_6782.jpg,0
w_3629.jpg,2
w_4315.jpg,0
w_6198.jpg,0
w_9151.jpg,2
w_1177.jpg,0
w_8997.jpg,2
w_6034.jpg,2
w_9430.jpg,2
w_8031.jpg,0
w_8406.jpg,0
w_5528.jpg,0
w_740.jpg,2
w_4658.jpg,0
w_4426.jpg,1
w_6789.jpg,0
w_9259.jpg,0
w_4330.jpg,2
w_7683.jpg,0
w_8571.jpg,2
w_177.jpg,0
w_3868.jpg,0
w_8044.jpg,0
w_6835.jpg,2
w_4153.jpg,2
w_8627.jpg,2
w_3260.jpg,2
w_676.jpg,2
w_3053.jpg,0
w_266.jpg,0
w_8274.jpg,0
w_1204.jpg,0
w_616.jpg,2
w_4919.jpg,0
w_3899.jpg,0
w_4983.jpg,2
w_9359.jpg,2
w_8028.jpg,2
w_7873.jpg,0
w_1801.jpg,2
w_5290.jpg,2
w_1529.jpg,2
w_4215.jpg,0
w_1489.jpg,2
w_59.jpg,0
w_9456.jpg,0
w_9294.jpg,0
w_4003.jpg,2
w_7606.jpg,0
w_1793.jpg,2
w_1275.jpg,2
w_2150.jpg,0
w_4056.jpg,2
w_4183.jpg,0
w_5957.jpg,0
w_73.jpg,0
w_9143.jpg,2
w_1961.jpg,0
w_4899.jpg,0
w_91.jpg,2
w_5535.jpg,0
w_1684.jpg,2
w_465.jpg,2
w_435.jpg,2
w_7175.jpg,0
w_6032.jpg,2
w_9065.jpg,0
w_5246.jpg,0
w_3284.jpg,2
w_21.jpg,0
w_5091.jpg,2
w_4531.jpg,0
w_4576.jpg,2
w_4557.jpg,2
w_1756.jpg,2
w_1016.jpg,2
w_4354.jpg,0
w_4720.jpg,2
w_5100.jpg,0
w_3863.jpg,0
w_5520.jpg,2
w_3931.jpg,0
w_1112.jpg,0
w_5928.jpg,0
w_2120.jpg,0
w_355.jpg,0
w_1802.jpg,0
w_3355.jpg,2
w_3697.jpg,2
w_3516.jpg,2
w_7782.jpg,0
w_6929.jpg,2
w_4273.jpg,0
w_5856.jpg,0
w_8763.jpg,0
w_1563.jpg,2
w_3790.jpg,0
w_1870.jpg,2
w_7349.jpg,0
w_8643.jpg,0
w_1517.jpg,2
w_261.jpg,2
w_9214.jpg,2
w_1812.jpg,0
w_1795.jpg,0
w_2539.jpg,2
w_3474.jpg,0
w_1491.jpg,0
w_8319.jpg,0
w_1364.jpg,0
w_6600.jpg,0
w_9200.jpg,2
w_3093.jpg,0
w_2564.jpg,0
w_5801.jpg,2
w_8259.jpg,0
w_8721.jpg,2
w_6285.jpg,2
w_6247.jpg,2
w_9326.jpg,2
w_3848.jpg,1
w_7758.jpg,0
w_1456.jpg,0
w_5726.jpg,0
w_3692.jpg,0
w_6030.jpg,2
w_5722.jpg,0
w_2265.jpg,2
w_5270.jpg,2
w_7691.jpg,0
w_4280.jpg,2
w_4253.jpg,0
w_717.jpg,0
w_3005.jpg,2
w_5704.jpg,2
w_1039.jpg,0
w_6331.jpg,2
w_5915.jpg,2
w_2913.jpg,0
w_5503.jpg,0
w_6548.jpg,0
w_4503.jpg,0
w_9244.jpg,2
w_1073.jpg,0
w_8124.jpg,0
w_3886.jpg,0
w_7467.jpg,1
w_4860.jpg,0
w_8531.jpg,0
w_1984.jpg,2
w_1221.jpg,2
w_670.jpg,0
w_4176.jpg,2
w_4544.jpg,0
w_5804.jpg,0
w_4423.jpg,0
w_3854.jpg,2
w_3413.jpg,0
w_3209.jpg,0
w_8103.jpg,0
w_2323.jpg,0
w_7319.jpg,2
w_3126.jpg,0
w_9064.jpg,2
w_5493.jpg,0
w_3878.jpg,2
w_9024.jpg,0
w_3232.jpg,2
w_4129.jpg,2
w_2847.jpg,2
w_3680.jpg,2
w_5765.jpg,0
w_125.jpg,2
w_3655.jpg,2
w_2209.jpg,0
w_636.jpg,0
w_8409.jpg,0
w_2881.jpg,2
w_8536.jpg,0
w_4030.jpg,0
w_1924.jpg,0
w_259.jpg,2
w_3461.jpg,2
w_2089.jpg,0
w_9239.jpg,2
w_1005.jpg,2
w_3952.jpg,0
w_3172.jpg,0
w_2401.jpg,0
w_8425.jpg,0
w_6644.jpg,0
w_523.jpg,2
w_399.jpg,0
w_3212.jpg,2
w_1799.jpg,0
w_4611.jpg,0
w_7253.jpg,2
w_7439.jpg,2
w_3521.jpg,0
w_4292.jpg,2
w_8156.jpg,2
w_2412.jpg,2
w_2701.jpg,2
w_8429.jpg,2
w_491.jpg,0
w_5977.jpg,2
w_7742.jpg,0
w_9297.jpg,0
w_2236.jpg,2
w_8198.jpg,2
w_7933.jpg,2
w_7594.jpg,0
w_614.jpg,2
w_1256.jpg,2
w_443.jpg,2
w_6045.jpg,2
w_1145.jpg,2
w_2980.jpg,2
w_8339.jpg,2
w_2616.jpg,0
w_6501.jpg,0
w_1263.jpg,2
w_5698.jpg,2
w_1200.jpg,0
w_2744.jpg,0
w_8450.jpg,0
w_7154.jpg,0
w_1776.jpg,2
w_7553.jpg,0
w_693.jpg,2
w_2082.jpg,0
w_6643.jpg,0
w_5118.jpg,0
w_7168.jpg,2
w_6352.jpg,1
w_8952.jpg,0
w_1170.jpg,0
w_5296.jpg,0
w_6598.jpg,0
w_7358.jpg,2
w_3188.jpg,2
w_5781.jpg,0
w_9275.jpg,2
w_5729.jpg,2
w_6269.jpg,0
w_3063.jpg,0
w_684.jpg,2
w_5773.jpg,2
w_8963.jpg,2
w_4509.jpg,2
w_6489.jpg,2
w_7422.jpg,2
w_3207.jpg,2
w_3045.jpg,0
w_3060.jpg,0
w_1978.jpg,0
w_5044.jpg,2
w_6499.jpg,0
w_4506.jpg,0
w_3874.jpg,0
w_4211.jpg,2
w_1355.jpg,2
w_7749.jpg,2
w_5009.jpg,0
w_8327.jpg,2
w_9152.jpg,2
w_5248.jpg,2
w_3818.jpg,2
w_7270.jpg,0
w_1047.jpg,0
w_43.jpg,0
w_2874.jpg,2
w_841.jpg,2
w_8353.jpg,0
w_6293.jpg,0
w_6618.jpg,0
w_7232.jpg,0
w_7883.jpg,0
w_508.jpg,2
w_7086.jpg,2
w_8289.jpg,0
w_8344.jpg,0
w_7981.jpg,0
w_1564.jpg,2
w_1303.jpg,0
w_2226.jpg,2
w_2802.jpg,0
w_5786.jpg,0
w_5599.jpg,2
w_3510.jpg,0
w_674.jpg,0
w_7889.jpg,2
w_8722.jpg,2
w_9111.jpg,0
w_994.jpg,0
w_6793.jpg,2
w_2544.jpg,0
w_660.jpg,0
w_400.jpg,0
w_2829.jpg,0
w_1569.jpg,2
w_8332.jpg,2
w_9019.jpg,2
w_2594.jpg,0
w_1376.jpg,0
w_5950.jpg,0
w_4969.jpg,0
w_6156.jpg,2
w_6639.jpg,2
w_288.jpg,2
w_776.jpg,2
w_4914.jpg,0
w_8841.jpg,1
w_2217.jpg,0
w_9008.jpg,2
w_751.jpg,2
w_1249.jpg,2
w_8910.jpg,2
w_4370.jpg,2
w_9053.jpg,2
w_2417.jpg,0
w_799.jpg,0
w_4844.jpg,2
w_3579.jpg,2
w_2862.jpg,2
w_806.jpg,2
w_6219.jpg,2
w_2387.jpg,0
w_4165.jpg,2
w_5499.jpg,0
w_5715.jpg,2
w_2736.jpg,0
w_4332.jpg,0
w_629.jpg,2
w_3649.jpg,2
w_2200.jpg,2
w_1450.jpg,2
w_1095.jpg,0
w_7222.jpg,0
w_1674.jpg,0
w_2569.jpg,2
w_8874.jpg,1
w_3823.jpg,2
w_3224.jpg,2
w_6480.jpg,2
w_5888.jpg,0
w_7400.jpg,2
w_1044.jpg,2
w_5868.jpg,2
w_4528.jpg,2
w_3841.jpg,0
w_6521.jpg,2
w_757.jpg,2
w_9306.jpg,2
w_8489.jpg,2
w_5046.jpg,2
w_9402.jpg,0
w_6716.jpg,0
w_4530.jpg,0
w_9116.jpg,0
w_3624.jpg,0
w_9440.jpg,2
w_2770.jpg,2
w_6607.jpg,2
w_4958.jpg,0
w_5478.jpg,0
w_6603.jpg,0
w_3539.jpg,0
w_5115.jpg,2
w_2804.jpg,2
w_1562.jpg,0
w_818.jpg,0
w_6768.jpg,2
w_3296.jpg,0
w_6205.jpg,0
w_8386.jpg,0
w_3544.jpg,2
w_3075.jpg,2
w_6062.jpg,0
w_5616.jpg,0
w_5156.jpg,0
w_5526.jpg,2
w_5325.jpg,0
w_1180.jpg,0
w_4406.jpg,0
w_3482.jpg,0
w_2732.jpg,2
w_519.jpg,2
w_2661.jpg,2
w_4825.jpg,2
w_2954.jpg,2
w_5026.jpg,2
w_1120.jpg,0
w_4802.jpg,0
w_1051.jpg,2
w_5916.jpg,0
w_6497.jpg,0
w_8818.jpg,2
w_1375.jpg,0
w_2658.jpg,0
w_4666.jpg,2
w_8403.jpg,2
w_2468.jpg,2
w_8996.jpg,2
w_894.jpg,2
w_2077.jpg,2
w_6196.jpg,0
w_9145.jpg,0
w_4890.jpg,0
w_2247.jpg,0
w_4589.jpg,2
w_3724.jpg,0
w_2743.jpg,0
w_3097.jpg,0
w_9134.jpg,0
w_5723.jpg,2
w_5171.jpg,0
w_158.jpg,2
w_1139.jpg,2
w_6574.jpg,2
w_1187.jpg,2
w_1007.jpg,2
w_5626.jpg,0
w_3608.jpg,2
w_5866.jpg,2
w_8226.jpg,2
w_4521.jpg,0
w_7579.jpg,2
w_9115.jpg,2
w_2529.jpg,2
w_7961.jpg,0
w_4135.jpg,2
w_4316.jpg,2
w_3287.jpg,2
w_5669.jpg,0
w_7893.jpg,0
w_7051.jpg,0
w_2685.jpg,0
w_6131.jpg,0
w_3381.jpg,2
w_2234.jpg,0
w_8296.jpg,0
w_1895.jpg,0
w_6053.jpg,2
w_3078.jpg,2
w_5475.jpg,2
w_8846.jpg,0
w_754.jpg,2
w_4971.jpg,2
w_4835.jpg,2
w_6009.jpg,2
w_6270.jpg,2
w_6702.jpg,0
w_2197.jpg,2
w_3587.jpg,2
w_5093.jpg,0
w_4477.jpg,0
w_6006.jpg,0
w_9074.jpg,2
w_5457.jpg,0
w_9315.jpg,0
w_1834.jpg,0
w_535.jpg,2
w_6420.jpg,0
w_9021.jpg,2
w_8307.jpg,0
w_8245.jpg,2
w_5324.jpg,0
w_9295.jpg,2
w_8950.jpg,0
w_410.jpg,0
w_943.jpg,0
w_6697.jpg,2
w_9333.jpg,2
w_2982.jpg,0
w_9109.jpg,2
w_2221.jpg,0
w_8263.jpg,2
w_8676.jpg,0
w_1495.jpg,0
w_7621.jpg,0
w_2531.jpg,2
w_1587.jpg,2
w_2376.jpg,2
w_7849.jpg,2
w_687.jpg,2
w_1813.jpg,2
w_1526.jpg,2
w_6983.jpg,0
w_1083.jpg,0
w_188.jpg,0
w_7572.jpg,0
w_9268.jpg,2
w_4290.jpg,2
w_9447.jpg,2
w_8830.jpg,0
w_6802.jpg,0
w_935.jpg,2
w_4104.jpg,0
w_5802.jpg,2
w_4996.jpg,2
w_1081.jpg,2
w_2774.jpg,2
w_1479.jpg,2
w_583.jpg,2
w_3033.jpg,0
w_7903.jpg,0
w_5913.jpg,0
w_2109.jpg,0
w_7241.jpg,0
w_2887.jpg,0
w_6571.jpg,0
w_8667.jpg,2
w_3135.jpg,0
w_8783.jpg,2
w_1291.jpg,0
w_7711.jpg,0
w_2073.jpg,0
w_6266.jpg,0
w_3289.jpg,0
w_3901.jpg,0
w_8008.jpg,2
w_1225.jpg,2
w_1054.jpg,2
w_8310.jpg,0
w_7303.jpg,2
w_9059.jpg,0
w_7750.jpg,0
w_3750.jpg,0
w_653.jpg,2
w_1582.jpg,0
w_7807.jpg,0
w_545.jpg,2
w_2113.jpg,2
w_7187.jpg,0
w_6961.jpg,2
w_8040.jpg,0
w_6664.jpg,2
w_6617.jpg,0
w_6175.jpg,2
w_1033.jpg,0
w_3222.jpg,0
w_2278.jpg,0
w_6452.jpg,2
w_4732.jpg,0
w_908.jpg,0
w_1354.jpg,0
w_8396.jpg,0
w_6193.jpg,2
w_2138.jpg,2
w_3186.jpg,0
w_5853.jpg,2
w_6466.jpg,2
w_6143.jpg,0
w_8953.jpg,0
w_4066.jpg,2
w_1845.jpg,2
w_6217.jpg,2
w_7344.jpg,2
w_7557.jpg,2
w_7321.jpg,2
w_5547.jpg,2
w_3996.jpg,0
w_9177.jpg,2
w_6939.jpg,2
w_6538.jpg,0
w_5193.jpg,0
w_5369.jpg,0
w_297.jpg,0
w_7525.jpg,2
w_8066.jpg,2
w_7042.jpg,2
w_5744.jpg,2
w_7969.jpg,2
w_3299.jpg,0
w_182.jpg,2
w_4655.jpg,2
w_5711.jpg,0
w_1172.jpg,2
w_6384.jpg,2
w_7930.jpg,2
w_5683.jpg,2
w_9433.jpg,2
w_4560.jpg,2
w_7910.jpg,2
w_1631.jpg,2
w_8977.jpg,0
w_2642.jpg,0
w_6700.jpg,0
w_7354.jpg,2
w_907.jpg,2
w_7957.jpg,0
w_3483.jpg,0
w_5139.jpg,0
w_6873.jpg,0
w_8392.jpg,2
w_2533.jpg,0
w_9178.jpg,0
w_9308.jpg,0
w_8600.jpg,0
w_4836.jpg,0
w_7287.jpg,2
w_7534.jpg,2
w_9442.jpg,2
w_1151.jpg,0
w_8805.jpg,0
w_1107.jpg,0
w_3177.jpg,2
w_5501.jpg,0
w_1150.jpg,0
w_8788.jpg,2
w_7.jpg,0
w_6238.jpg,2
w_6770.jpg,0
w_6572.jpg,0
w_4960.jpg,2
w_7709.jpg,0
w_2900.jpg,0
w_5322.jpg,2
w_68.jpg,2
w_8797.jpg,0
w_9311.jpg,0
w_5911.jpg,1
w_4214.jpg,2
w_2891.jpg,0
w_1853.jpg,0
w_4432.jpg,0
w_8224.jpg,0
w_7505.jpg,0
w_3591.jpg,0
w_4121.jpg,2
w_7476.jpg,0
w_1106.jpg,0
w_4744.jpg,0
w_9287.jpg,2
w_495.jpg,2
w_819.jpg,0
w_6061.jpg,0
w_1521.jpg,2
w_7067.jpg,2
w_6911.jpg,2
w_3799.jpg,0
w_7242.jpg,2
w_3478.jpg,2
w_5905.jpg,0
w_5403.jpg,0
w_4518.jpg,2
w_4922.jpg,2
w_5708.jpg,1
w_4389.jpg,2
w_4000.jpg,0
w_1669.jpg,2
w_8262.jpg,2
w_8915.jpg,0
w_228.jpg,0
w_8532.jpg,0
w_5470.jpg,0
w_4458.jpg,0
w_6281.jpg,2
w_3815.jpg,0
w_5092.jpg,2
w_6088.jpg,2
w_9390.jpg,0
w_7466.jpg,2
w_8901.jpg,0
w_5217.jpg,0
w_1774.jpg,2
w_3062.jpg,2
w_836.jpg,0
w_2944.jpg,2
w_3105.jpg,0
w_1426.jpg,2
w_7708.jpg,0
w_1417.jpg,0
w_6958.jpg,2
w_7301.jpg,2
w_6523.jpg,0
w_2812.jpg,2
w_5498.jpg,2
w_9418.jpg,0
w_8905.jpg,0
w_8855.jpg,0
w_1012.jpg,2
w_5467.jpg,0
w_6483.jpg,2
w_6661.jpg,0
w_6191.jpg,0
w_70.jpg,0
w_8292.jpg,2
w_8663.jpg,0
w_8060.jpg,2
w_1558.jpg,0
w_3138.jpg,2
w_3581.jpg,2
w_6498.jpg,0
w_8208.jpg,0
w_4190.jpg,0
w_8610.jpg,2
w_4563.jpg,0
w_3334.jpg,0
w_2818.jpg,0
w_4525.jpg,2
w_2931.jpg,0
w_2601.jpg,2
w_2547.jpg,2
w_5131.jpg,2
w_6727.jpg,0
w_7672.jpg,0
w_8578.jpg,2
w_5881.jpg,0
w_734.jpg,2
w_6925.jpg,0
w_1132.jpg,0
w_8231.jpg,0
w_196.jpg,0
w_8809.jpg,2
w_1615.jpg,0
w_6404.jpg,2
w_910.jpg,2
w_4819.jpg,2
w_4782.jpg,0
w_1890.jpg,0
w_3379.jpg,0
w_6376.jpg,0
w_3343.jpg,2
w_5267.jpg,2
w_7820.jpg,2
w_5994.jpg,2
w_5879.jpg,2
w_9182.jpg,0
w_28.jpg,0
w_86.jpg,0
w_7650.jpg,2
w_8930.jpg,0
w_9148.jpg,0
w_4845.jpg,0
w_5494.jpg,0
w_3338.jpg,2
w_5013.jpg,0
w_6509.jpg,2
w_2148.jpg,2
w_3723.jpg,0
w_3531.jpg,0
w_6752.jpg,2
w_7518.jpg,0
w_3508.jpg,2
w_4196.jpg,2
w_1555.jpg,2
w_3660.jpg,0
w_3293.jpg,2
w_405.jpg,0
w_940.jpg,0
w_4324.jpg,2
w_2044.jpg,0
w_4968.jpg,2
w_1598.jpg,0
w_4125.jpg,0
w_9260.jpg,0
w_251.jpg,2
w_8317.jpg,0
w_4278.jpg,0
w_7009.jpg,0
w_7002.jpg,0
w_6967.jpg,2
w_3303.jpg,0
w_3618.jpg,2
w_3780.jpg,2
w_358.jpg,2
w_7497.jpg,0
w_5602.jpg,2
w_7638.jpg,0
w_701.jpg,2
w_4963.jpg,0
w_5545.jpg,0
w_3283.jpg,2
w_1105.jpg,0
w_6546.jpg,2
w_6624.jpg,2
w_2144.jpg,0
w_8774.jpg,0
w_6458.jpg,0
w_2050.jpg,0
w_572.jpg,0
w_5397.jpg,0
w_7833.jpg,2
w_1212.jpg,2
w_2579.jpg,2
w_5832.jpg,0
w_6147.jpg,2
w_1936.jpg,0
w_3029.jpg,0
w_7940.jpg,2
w_5601.jpg,0
w_1268.jpg,0
w_471.jpg,2
w_8845.jpg,0
w_8739.jpg,0
w_2471.jpg,0
w_563.jpg,0
w_648.jpg,0
w_8758.jpg,2
w_1934.jpg,0
w_2643.jpg,2
w_4810.jpg,0
w_2132.jpg,2
w_4154.jpg,2
w_9079.jpg,2
w_9050.jpg,2
w_6994.jpg,2
w_9216.jpg,2
w_3236.jpg,0
w_7707.jpg,0
w_2671.jpg,0
w_6215.jpg,0
w_8111.jpg,0
w_2596.jpg,2
w_7616.jpg,2
w_942.jpg,0
w_1584.jpg,2
w_3565.jpg,2
w_2121.jpg,2
w_5584.jpg,0
w_2225.jpg,2
w_6838.jpg,0
w_6570.jpg,0
w_190.jpg,0
w_7550.jpg,2
w_7633.jpg,0
w_5549.jpg,2
w_4868.jpg,2
w_4294.jpg,2
w_3973.jpg,2
w_8634.jpg,0
w_7085.jpg,0
w_5903.jpg,2
w_2021.jpg,0
w_3745.jpg,2
w_3997.jpg,2
w_762.jpg,0
w_9408.jpg,2
w_6374.jpg,0
w_867.jpg,0
w_8126.jpg,2
w_2000.jpg,2
w_5826.jpg,0
w_7721.jpg,0
w_4767.jpg,2
w_1954.jpg,2
w_7076.jpg,2
w_6881.jpg,0
w_4365.jpg,2
w_4562.jpg,0
w_5973.jpg,2
w_6060.jpg,1
w_5688.jpg,0
w_632.jpg,2
w_7904.jpg,2
w_3695.jpg,2
w_3597.jpg,0
w_752.jpg,2
w_9470.jpg,2
w_5363.jpg,0
w_8215.jpg,0
w_4493.jpg,2
w_5294.jpg,2
w_162.jpg,2
w_6937.jpg,0
w_8808.jpg,0
w_8079.jpg,0
w_1814.jpg,0
w_1606.jpg,0
w_8049.jpg,0
w_706.jpg,0
w_1361.jpg,2
w_3678.jpg,0
w_1691.jpg,0
w_2220.jpg,2
w_6004.jpg,0
w_8747.jpg,2
w_831.jpg,2
w_966.jpg,0
w_329.jpg,0
w_722.jpg,0
w_8718.jpg,0
w_6926.jpg,2
w_7609.jpg,0
w_9344.jpg,0
w_8577.jpg,2
w_6310.jpg,0
w_4954.jpg,2
w_1045.jpg,0
w_3604.jpg,2
w_4615.jpg,2
w_2222.jpg,0
w_5762.jpg,0
w_6209.jpg,0
w_8440.jpg,0
w_7506.jpg,0
w_8766.jpg,2
w_3871.jpg,0
w_216.jpg,2
w_3318.jpg,0
w_8436.jpg,2
w_1565.jpg,2
w_3101.jpg,0
w_2421.jpg,2
w_6959.jpg,2
w_6554.jpg,0
w_7474.jpg,2
w_2987.jpg,2
w_3219.jpg,2
w_6674.jpg,0
w_5257.jpg,2
w_7276.jpg,2
w_3676.jpg,0
w_5705.jpg,2
w_4234.jpg,0
w_7012.jpg,2
w_3001.jpg,2
w_4965.jpg,2
w_5486.jpg,0
w_1641.jpg,2
w_8150.jpg,0
w_4418.jpg,2
w_7551.jpg,2
w_8601.jpg,0
w_1448.jpg,0
w_8533.jpg,0
w_7100.jpg,0
w_63.jpg,0
w_7403.jpg,0
w_1175.jpg,0
w_4847.jpg,0
w_6299.jpg,0
w_2893.jpg,2
w_8548.jpg,0
w_3761.jpg,2
w_1737.jpg,2
w_3333.jpg,2
w_6373.jpg,0
w_3195.jpg,2
w_3185.jpg,2
w_765.jpg,0
w_4395.jpg,2
w_4105.jpg,0
w_2706.jpg,0
w_4529.jpg,2
w_3227.jpg,0
w_2409.jpg,2
w_4707.jpg,2
w_4167.jpg,2
w_4839.jpg,0
w_75.jpg,0
w_7941.jpg,2
w_386.jpg,0
w_3616.jpg,0
w_8862.jpg,0
w_7089.jpg,2
w_4229.jpg,0
w_4603.jpg,0
w_5348.jpg,2
w_2408.jpg,0
w_9203.jpg,0
w_498.jpg,0
w_3272.jpg,2
w_393.jpg,2
w_574.jpg,0
w_8022.jpg,0
w_6265.jpg,0
w_6971.jpg,2
w_1777.jpg,2
w_2965.jpg,0
w_2214.jpg,0
w_202.jpg,2
w_3853.jpg,2
w_246.jpg,0
w_152.jpg,2
w_1866.jpg,0
w_3376.jpg,0
w_2415.jpg,0
w_3032.jpg,2
w_1091.jpg,0
w_7248.jpg,2
w_4124.jpg,2
w_990.jpg,0
w_2795.jpg,2
w_4199.jpg,0
w_2123.jpg,0
w_998.jpg,2
w_698.jpg,0
w_2342.jpg,0
w_8553.jpg,2
w_4905.jpg,2
w_4120.jpg,2
w_8728.jpg,0
w_576.jpg,0
w_2970.jpg,0
w_5445.jpg,1
w_4879.jpg,0
w_6250.jpg,0
w_4255.jpg,2
w_9301.jpg,0
w_7088.jpg,2
w_896.jpg,2
w_3589.jpg,0
w_1707.jpg,2
w_9025.jpg,0
w_3036.jpg,0
w_2210.jpg,0
w_4501.jpg,2
w_4085.jpg,2
w_6189.jpg,0
w_1056.jpg,2
w_6197.jpg,0
w_6876.jpg,2
w_1270.jpg,2
w_2030.jpg,0
w_1629.jpg,0
w_1720.jpg,2
w_3713.jpg,0
w_5188.jpg,0
w_2022.jpg,0
w_2895.jpg,2
w_4424.jpg,0
w_7975.jpg,0
w_8891.jpg,2
w_1159.jpg,0
w_5127.jpg,0
w_7911.jpg,0
w_1504.jpg,2
w_6241.jpg,2
w_7879.jpg,0
w_1040.jpg,0
w_8142.jpg,2
w_988.jpg,0
w_7340.jpg,0
w_6527.jpg,2
w_481.jpg,2
w_1760.jpg,0
w_2441.jpg,0
w_6055.jpg,2
w_1399.jpg,0
w_6796.jpg,0
w_8999.jpg,2
w_5053.jpg,0
w_260.jpg,0
w_6901.jpg,0
w_8056.jpg,0
w_2943.jpg,2
w_6891.jpg,2
w_8010.jpg,0
w_1070.jpg,0
w_4748.jpg,0
w_5594.jpg,0
w_7339.jpg,0
w_1621.jpg,0
w_8928.jpg,0
w_2729.jpg,0
w_3434.jpg,0
w_2091.jpg,2
w_9250.jpg,0
w_5037.jpg,2
w_1673.jpg,2
w_6249.jpg,2
w_1331.jpg,0
w_293.jpg,2
w_8540.jpg,0
w_756.jpg,0
w_5678.jpg,0
w_6467.jpg,0
w_2335.jpg,0
w_5216.jpg,0
w_273.jpg,2
w_3796.jpg,2
w_6165.jpg,2
w_1825.jpg,2
w_165.jpg,2
w_8917.jpg,0
w_2627.jpg,0
w_3054.jpg,2
w_7177.jpg,0
w_7121.jpg,2
w_39.jpg,0
w_5828.jpg,2
w_6137.jpg,2
w_7529.jpg,2
w_3734.jpg,2
w_5686.jpg,2
w_7406.jpg,0
w_1816.jpg,0
w_3456.jpg,2
w_7646.jpg,0
w_2630.jpg,2
w_783.jpg,2
w_5086.jpg,0
w_7830.jpg,0
w_1229.jpg,0
w_5489.jpg,2
w_8823.jpg,2
w_2491.jpg,2
w_4926.jpg,2
w_4566.jpg,0
w_2959.jpg,1
w_6433.jpg,0
w_7032.jpg,0
w_8860.jpg,2
w_3389.jpg,0
w_9369.jpg,2
w_8328.jpg,0
w_1350.jpg,0
w_790.jpg,0
w_2904.jpg,2
w_2973.jpg,0
w_6543.jpg,0
w_7965.jpg,2
w_5605.jpg,0
w_5522.jpg,0
w_2855.jpg,0
w_9446.jpg,0
w_2360.jpg,0
w_4993.jpg,0
w_3869.jpg,0
w_4004.jpg,2
w_2850.jpg,0
w_9114.jpg,2
w_3103.jpg,0
w_1918.jpg,2
w_1767.jpg,0
w_606.jpg,0
w_8257.jpg,0
w_3346.jpg,0
w_1923.jpg,2
w_9130.jpg,0
w_2892.jpg,2
w_6180.jpg,0
w_2724.jpg,0
w_5660.jpg,0
w_3488.jpg,0
w_7377.jpg,0
w_9452.jpg,2
w_965.jpg,0
w_7953.jpg,0
w_2174.jpg,0
w_5435.jpg,0
w_3664.jpg,0
w_2324.jpg,2
w_6616.jpg,0
w_9155.jpg,0
w_8098.jpg,0
w_6192.jpg,2
w_5986.jpg,2
w_8466.jpg,0
w_8155.jpg,2
w_2799.jpg,2
w_8200.jpg,2
w_644.jpg,0
w_2188.jpg,0
w_1124.jpg,2
w_3913.jpg,0
w_8394.jpg,2
w_1003.jpg,0
w_3690.jpg,2
w_6275.jpg,0
w_6657.jpg,2
w_468.jpg,0
w_1.jpg,0
w_1653.jpg,0
w_6013.jpg,0
w_5479.jpg,0
w_5276.jpg,0
w_2958.jpg,2
w_2244.jpg,0
w_5081.jpg,0
w_376.jpg,2
w_6615.jpg,0
w_705.jpg,2
w_1798.jpg,0
w_6740.jpg,2
w_554.jpg,2
w_3198.jpg,2
w_1297.jpg,2
w_6414.jpg,0
w_5657.jpg,0
w_4542.jpg,2
w_556.jpg,0
w_507.jpg,2
w_5551.jpg,2
w_439.jpg,0
w_1913.jpg,2
w_3398.jpg,2
w_4906.jpg,0
w_4247.jpg,2
w_4074.jpg,2
w_3851.jpg,0
w_5299.jpg,0
w_3631.jpg,0
w_5592.jpg,2
w_1414.jpg,2
w_5964.jpg,2
w_4489.jpg,0
w_5967.jpg,2
w_3448.jpg,2
w_2769.jpg,0
w_4419.jpg,2
w_4284.jpg,2
w_7450.jpg,0
w_8434.jpg,0
w_4883.jpg,2
w_5488.jpg,0
w_6413.jpg,2
w_6056.jpg,2
w_4491.jpg,0
w_9349.jpg,2
w_5359.jpg,2
w_1079.jpg,2
w_4824.jpg,0
w_6476.jpg,2
w_7443.jpg,0
w_1246.jpg,0
w_1696.jpg,0
w_7773.jpg,2
w_6805.jpg,2
w_8554.jpg,2
w_9409.jpg,2
w_1993.jpg,2
w_6142.jpg,0
w_2026.jpg,2
w_8374.jpg,0
w_5054.jpg,0
w_2055.jpg,0
w_6495.jpg,2
w_4827.jpg,0
w_9167.jpg,2
w_4091.jpg,0
w_2984.jpg,0
w_4177.jpg,0
w_7914.jpg,0
w_5064.jpg,0
w_7548.jpg,2
w_2312.jpg,2
w_7612.jpg,2
w_6866.jpg,2
w_8020.jpg,0
w_6957.jpg,2
w_6544.jpg,0
w_2151.jpg,2
w_1290.jpg,2
w_8561.jpg,2
w_4308.jpg,2
w_830.jpg,0
w_599.jpg,2
w_120.jpg,2
w_8352.jpg,0
w_8287.jpg,0
w_6619.jpg,2
w_5430.jpg,0
w_3435.jpg,0
w_9330.jpg,0
w_6463.jpg,0
w_5456.jpg,0
w_8030.jpg,2
w_9107.jpg,2
w_3550.jpg,0
w_9356.jpg,0
w_4591.jpg,2
w_1727.jpg,2
w_2419.jpg,0
w_5340.jpg,0
w_6059.jpg,0
w_6551.jpg,2
w_479.jpg,0
w_137.jpg,0
w_461.jpg,2
w_4843.jpg,0
w_3683.jpg,2
w_2230.jpg,2
w_2683.jpg,2
w_1486.jpg,2
w_1591.jpg,2
w_9291.jpg,0
w_301.jpg,0
w_5985.jpg,2
w_7842.jpg,0
w_3372.jpg,0
w_5890.jpg,2
w_3396.jpg,2
w_8234.jpg,0
w_3269.jpg,2
w_7195.jpg,0
w_3495.jpg,2
w_2703.jpg,0
w_8151.jpg,2
w_6342.jpg,2
w_592.jpg,2
w_3719.jpg,2
w_2735.jpg,0
w_1811.jpg,0
w_4803.jpg,2
w_5789.jpg,2
w_2794.jpg,0
w_8397.jpg,2
w_4037.jpg,2
w_8767.jpg,2
w_1160.jpg,0
w_4045.jpg,2
w_2766.jpg,2
w_8452.jpg,0
w_3090.jpg,0
w_2067.jpg,2
w_4586.jpg,2
w_851.jpg,2
w_3742.jpg,2
w_1730.jpg,0
w_3041.jpg,0
w_3992.jpg,0
w_499.jpg,2
w_7078.jpg,0
w_1257.jpg,2
w_1368.jpg,0
w_6988.jpg,0
w_4298.jpg,2
w_8051.jpg,2
w_5350.jpg,2
w_2277.jpg,0
w_4309.jpg,2
w_4584.jpg,0
w_5575.jpg,2
w_1235.jpg,0
w_5618.jpg,2
w_7524.jpg,2
w_4479.jpg,0
w_3786.jpg,0
w_4005.jpg,0
w_7297.jpg,2
w_6912.jpg,2
w_7718.jpg,0
w_7162.jpg,1
w_4709.jpg,2
w_8236.jpg,0
w_2903.jpg,2
w_1516.jpg,0
w_5458.jpg,2
w_3988.jpg,2
w_3418.jpg,1
w_7390.jpg,2
w_4519.jpg,0
w_975.jpg,2
w_5875.jpg,2
w_6655.jpg,2
w_8615.jpg,2
w_4010.jpg,2
w_3258.jpg,2
w_3612.jpg,0
w_2370.jpg,2
w_6698.jpg,0
w_6943.jpg,0
w_944.jpg,2
w_3242.jpg,0
w_9417.jpg,2
w_1858.jpg,2
w_1861.jpg,2
w_5007.jpg,0
w_5370.jpg,2
w_1950.jpg,2
w_1400.jpg,0
w_3187.jpg,2
w_4429.jpg,2
w_9094.jpg,2
w_9196.jpg,0
w_4887.jpg,2
w_160.jpg,0
w_3884.jpg,2
w_7314.jpg,1
w_3826.jpg,1
w_1154.jpg,2
w_8373.jpg,2
w_738.jpg,0
w_3039.jpg,2
w_4578.jpg,0
w_5819.jpg,2
w_5096.jpg,2
w_5417.jpg,0
w_9249.jpg,0
w_9227.jpg,0
w_7770.jpg,0
w_1470.jpg,0
w_8314.jpg,0
w_1118.jpg,2
w_2758.jpg,2
w_7423.jpg,0
w_5383.jpg,2
w_5122.jpg,0
w_2043.jpg,1
w_1836.jpg,2
w_350.jpg,2
w_8477.jpg,2
w_7477.jpg,0
w_1542.jpg,0
w_2069.jpg,0
w_5107.jpg,2
w_2158.jpg,0
w_9472.jpg,2
w_3933.jpg,0
w_4943.jpg,2
w_5284.jpg,2
w_1719.jpg,0
w_8729.jpg,0
w_7836.jpg,2
w_44.jpg,0
w_7840.jpg,2
w_8967.jpg,0
w_5095.jpg,0
w_4475.jpg,2
w_8587.jpg,0
w_8359.jpg,2
w_7380.jpg,2
w_8013.jpg,2
w_578.jpg,2
w_6713.jpg,2
w_8814.jpg,0
w_1181.jpg,0
w_7635.jpg,0
w_1972.jpg,2
w_3365.jpg,0
w_6170.jpg,0
w_2124.jpg,0
w_1232.jpg,2
w_1255.jpg,2
w_3012.jpg,0
w_3479.jpg,2
w_2243.jpg,2
w_3938.jpg,2
w_6279.jpg,2
w_1698.jpg,2
w_4638.jpg,2
w_4385.jpg,0
w_9341.jpg,0
w_9221.jpg,2
w_539.jpg,2
w_6920.jpg,0
w_3942.jpg,2
w_6403.jpg,0
w_8181.jpg,0
w_1358.jpg,0
w_3294.jpg,0
w_3496.jpg,0
w_3473.jpg,2
w_4263.jpg,0
w_8973.jpg,0
w_932.jpg,0
w_8949.jpg,2
w_32.jpg,0
w_7796.jpg,0
w_6177.jpg,0
w_7868.jpg,2
w_1998.jpg,0
w_6252.jpg,0
w_7860.jpg,0
w_5504.jpg,0
w_107.jpg,2
w_328.jpg,2
w_4233.jpg,2
w_5550.jpg,2
w_4618.jpg,0
w_4697.jpg,0
w_2787.jpg,0
w_5104.jpg,2
w_486.jpg,0
w_8835.jpg,2
w_4052.jpg,0
w_6178.jpg,0
w_5103.jpg,2
w_3112.jpg,0
w_743.jpg,0
w_6786.jpg,0
w_6553.jpg,0
w_1937.jpg,0
w_9262.jpg,2
w_5891.jpg,2
w_7214.jpg,2
w_2842.jpg,2
w_6597.jpg,2
w_4937.jpg,0
w_6109.jpg,2
w_3681.jpg,0
w_3999.jpg,2
w_7752.jpg,0
w_3921.jpg,2
w_5917.jpg,0
w_1887.jpg,0
w_7207.jpg,0
w_1988.jpg,2
w_7166.jpg,2
w_2948.jpg,2
w_9439.jpg,2
w_8413.jpg,0
w_2460.jpg,2
w_6388.jpg,2
w_8842.jpg,2
w_8859.jpg,2
w_1859.jpg,0
w_9395.jpg,0
w_2157.jpg,0
w_4788.jpg,0
w_2656.jpg,0
w_2352.jpg,1
w_6562.jpg,0
w_4630.jpg,0
w_9058.jpg,0
w_5978.jpg,0
w_3568.jpg,0
w_3265.jpg,2
w_5962.jpg,2
w_3034.jpg,2
w_9136.jpg,0
w_5461.jpg,2
w_67.jpg,0
w_4876.jpg,2
w_6071.jpg,0
w_2281.jpg,0
w_6019.jpg,2
w_1671.jpg,0
w_241.jpg,2
w_7519.jpg,0
w_6459.jpg,0
w_6236.jpg,2
w_9319.jpg,2
w_2416.jpg,0
w_4100.jpg,2
w_3472.jpg,0
w_3400.jpg,0
w_2502.jpg,0
w_1242.jpg,0
w_2094.jpg,0
w_4708.jpg,0
w_4452.jpg,0
w_3490.jpg,2
w_9373.jpg,2
w_8648.jpg,0
w_5152.jpg,2
w_9044.jpg,0
w_1125.jpg,0
w_8481.jpg,0
w_7599.jpg,2
w_1483.jpg,2
w_673.jpg,2
w_1804.jpg,2
w_6248.jpg,0
w_4975.jpg,0
w_4987.jpg,2
w_1522.jpg,2
w_8851.jpg,2
w_1446.jpg,0
w_8511.jpg,2
w_3846.jpg,2
w_4362.jpg,2
w_5518.jpg,2
w_9255.jpg,2
w_7731.jpg,0
w_2565.jpg,2
w_4856.jpg,0
w_7659.jpg,0
w_3087.jpg,0
w_1163.jpg,0
w_38.jpg,2
w_8095.jpg,2
w_7023.jpg,2
w_239.jpg,1
w_9352.jpg,0
w_9267.jpg,2
w_49.jpg,0
w_7169.jpg,0
w_809.jpg,2
w_8654.jpg,2
w_4065.jpg,0
w_50.jpg,0
w_7784.jpg,0
w_371.jpg,0
w_1546.jpg,2
w_664.jpg,2
w_5495.jpg,0
w_2710.jpg,0
w_6682.jpg,2
w_2775.jpg,0
w_5876.jpg,2
w_3487.jpg,2
w_8948.jpg,2
w_6890.jpg,2
w_7029.jpg,0
w_1444.jpg,2
w_1330.jpg,2
w_4044.jpg,2
w_121.jpg,0
w_9292.jpg,0
w_3050.jpg,2
w_7699.jpg,2
w_6694.jpg,0
w_4620.jpg,2
w_6878.jpg,0
w_8355.jpg,0
w_7558.jpg,0
w_558.jpg,2
w_5920.jpg,0
w_1461.jpg,2
w_4270.jpg,2
w_411.jpg,2
w_6283.jpg,2
w_3086.jpg,2
w_6188.jpg,0
w_9383.jpg,2
w_7284.jpg,2
w_9416.jpg,2
w_1982.jpg,0
w_7148.jpg,2
w_3829.jpg,0
w_2240.jpg,0
w_2307.jpg,2
w_675.jpg,2
w_4171.jpg,2
w_8382.jpg,2
w_2241.jpg,0
w_1876.jpg,2
w_852.jpg,2
w_3968.jpg,0
w_3716.jpg,0
w_5244.jpg,2
w_5288.jpg,0
w_5730.jpg,2
w_4243.jpg,2
w_7300.jpg,0
w_208.jpg,0
w_7293.jpg,0
w_9238.jpg,0
w_5212.jpg,0
w_3082.jpg,0
w_3673.jpg,2
w_688.jpg,2
w_8732.jpg,0
w_7636.jpg,0
w_3246.jpg,0
w_2938.jpg,0
w_1885.jpg,2
w_3769.jpg,1
w_2288.jpg,2
w_4470.jpg,2
w_6080.jpg,0
w_200.jpg,2
w_6749.jpg,0
w_8775.jpg,0
w_2223.jpg,0
w_1080.jpg,2
w_1465.jpg,2
w_9228.jpg,0
w_7939.jpg,2
w_2520.jpg,0
w_7797.jpg,2
w_356.jpg,2
w_3940.jpg,0
w_7055.jpg,2
w_3736.jpg,2
w_4193.jpg,0
w_5630.jpg,0
w_6306.jpg,0
w_2825.jpg,0
w_3518.jpg,0
w_4750.jpg,0
w_925.jpg,0
w_8445.jpg,2
w_1236.jpg,2
w_2505.jpg,2
w_3378.jpg,2
w_7373.jpg,2
w_2155.jpg,0
w_8693.jpg,2
w_4609.jpg,0
w_902.jpg,0
w_7533.jpg,0
w_3404.jpg,0
w_5761.jpg,2
w_787.jpg,0
w_3666.jpg,0
w_5447.jpg,0
w_6715.jpg,2
w_1162.jpg,2
w_1452.jpg,2
w_2489.jpg,0
w_8892.jpg,0
w_808.jpg,2
w_8354.jpg,2
w_671.jpg,0
w_1549.jpg,2
w_7766.jpg,0
w_5066.jpg,0
w_3679.jpg,0
w_2947.jpg,0
w_5543.jpg,2
w_2154.jpg,2
w_6069.jpg,2
w_3511.jpg,0
w_4081.jpg,0
w_7499.jpg,2
w_596.jpg,0
w_3837.jpg,2
w_5625.jpg,2
w_47.jpg,0
w_5336.jpg,2
w_6347.jpg,0
w_1492.jpg,0
w_929.jpg,2
w_7527.jpg,2
w_5481.jpg,0
w_2803.jpg,0
w_871.jpg,0
w_4634.jpg,0
w_6072.jpg,0
w_9160.jpg,0
w_6033.jpg,2
w_5466.jpg,2
w_8321.jpg,2
w_3107.jpg,2
w_4027.jpg,2
w_4015.jpg,2
w_1097.jpg,2
w_7905.jpg,0
w_4751.jpg,2
w_1017.jpg,2
w_4809.jpg,0
w_2097.jpg,2
w_3301.jpg,0
w_6320.jpg,2
w_5548.jpg,2
w_4478.jpg,2
w_3932.jpg,0
w_718.jpg,2
w_2205.jpg,2
w_7460.jpg,0
w_2811.jpg,2
w_4361.jpg,2
w_630.jpg,2
w_7990.jpg,0
w_7238.jpg,2
w_3757.jpg,2
w_8080.jpg,0
w_9385.jpg,0
w_638.jpg,2
w_2562.jpg,0
w_769.jpg,0
w_8194.jpg,0
w_8130.jpg,0
w_3990.jpg,2
w_9388.jpg,0
w_3371.jpg,0
w_2344.jpg,0
w_7724.jpg,2
w_4690.jpg,2
w_5146.jpg,2
w_8623.jpg,2
w_368.jpg,2
w_463.jpg,2
w_9462.jpg,0
w_6395.jpg,2
w_3384.jpg,2
w_2390.jpg,2
w_1370.jpg,0
w_4468.jpg,2
w_2875.jpg,0
w_4366.jpg,2
w_8660.jpg,0
w_5077.jpg,2
w_4342.jpg,2
w_1075.jpg,2
w_7580.jpg,2
w_6043.jpg,0
w_7363.jpg,0
w_2283.jpg,2
w_5268.jpg,2
w_8424.jpg,0
w_1304.jpg,0
w_8904.jpg,0
w_5174.jpg,2
w_9142.jpg,0
w_951.jpg,0
w_9251.jpg,0
w_3797.jpg,2
w_920.jpg,2
w_9069.jpg,2
w_1342.jpg,0
w_8383.jpg,2
w_5003.jpg,0
w_2202.jpg,0
w_2024.jpg,2
w_6224.jpg,2
w_7424.jpg,0
w_2527.jpg,2
w_2757.jpg,2
w_5320.jpg,2
w_1842.jpg,0
w_1185.jpg,2
w_2666.jpg,2
w_8981.jpg,0
w_5130.jpg,2
w_340.jpg,0
w_4265.jpg,2
w_7980.jpg,2
w_396.jpg,0
w_9037.jpg,0
w_7151.jpg,0
w_5454.jpg,2
w_3919.jpg,0
w_285.jpg,2
w_801.jpg,2
w_4427.jpg,0
w_2567.jpg,2
w_5997.jpg,2
w_8836.jpg,0
w_7695.jpg,0
w_5692.jpg,0
w_4728.jpg,0
w_5834.jpg,2
w_1203.jpg,2
w_8239.jpg,2
w_4060.jpg,0
w_7221.jpg,0
w_8230.jpg,2
w_6348.jpg,2
w_5836.jpg,2
w_9000.jpg,2
w_1300.jpg,2
w_7167.jpg,0
w_7226.jpg,0
w_3016.jpg,2
w_8712.jpg,2
w_5432.jpg,0
w_415.jpg,0
w_8069.jpg,2
w_4447.jpg,0
w_1533.jpg,2
w_6339.jpg,0
w_4849.jpg,2
w_843.jpg,0
w_4610.jpg,2
w_321.jpg,0
w_5273.jpg,0
w_2637.jpg,2
w_7198.jpg,2
w_5895.jpg,2
w_4948.jpg,0
w_2528.jpg,2
w_8753.jpg,2
w_7661.jpg,2
w_2060.jpg,2
w_5411.jpg,0
w_1728.jpg,0
w_7224.jpg,0
w_4830.jpg,2
w_1379.jpg,2
w_5361.jpg,0
w_4269.jpg,1
w_3714.jpg,0
w_8348.jpg,0
w_610.jpg,0
w_7943.jpg,2
w_7973.jpg,2
w_8501.jpg,2
w_6302.jpg,0
w_4407.jpg,2
w_1318.jpg,2
w_7364.jpg,0
w_6329.jpg,2
w_6158.jpg,0
w_9014.jpg,0
w_857.jpg,2
w_5757.jpg,0
w_1810.jpg,2
w_9290.jpg,0
w_3094.jpg,2
w_5133.jpg,2
w_1511.jpg,0
w_2480.jpg,0
w_3856.jpg,0
w_1014.jpg,2
w_1509.jpg,0
w_3118.jpg,2
w_7827.jpg,2
w_2849.jpg,2
w_7577.jpg,2
w_3451.jpg,0
w_8780.jpg,2
w_1302.jpg,0
w_7804.jpg,0
w_2890.jpg,0
w_2208.jpg,0
w_3445.jpg,0
w_7471.jpg,0
w_8873.jpg,2
w_2403.jpg,2
w_8991.jpg,0
w_2137.jpg,2
w_9038.jpg,2
w_8097.jpg,2
w_8778.jpg,0
w_2756.jpg,0
w_6595.jpg,2
w_2264.jpg,0
w_1666.jpg,0
w_8947.jpg,2
w_8525.jpg,0
w_5555.jpg,2
w_8735.jpg,0
w_6204.jpg,0
w_9132.jpg,2
w_4363.jpg,2
w_7201.jpg,2
w_8856.jpg,2
w_5425.jpg,2
w_1597.jpg,0
w_2297.jpg,0
w_2792.jpg,2
w_9146.jpg,2
w_2007.jpg,2
w_7697.jpg,0
w_7065.jpg,2
w_5124.jpg,0
w_6343.jpg,0
w_5190.jpg,2
w_6187.jpg,2
w_5589.jpg,0
w_3432.jpg,2
w_9121.jpg,2
w_4209.jpg,0
w_9339.jpg,0
w_3006.jpg,2
w_6127.jpg,0
w_6687.jpg,2
w_4907.jpg,2
w_2573.jpg,2
w_8207.jpg,2
w_8639.jpg,0
w_3441.jpg,0
w_6963.jpg,0
w_8315.jpg,2
w_3411.jpg,0
w_6924.jpg,2
w_6606.jpg,2
w_3536.jpg,2
w_6020.jpg,2
w_2813.jpg,2
w_785.jpg,0
w_5303.jpg,2
w_2271.jpg,2
w_4495.jpg,0
w_5233.jpg,0
w_6907.jpg,2
w_957.jpg,0
w_4527.jpg,2
w_5110.jpg,0
w_4837.jpg,0
w_8018.jpg,2
w_4059.jpg,2
w_9405.jpg,0
w_9026.jpg,2
w_7382.jpg,2
w_1029.jpg,2
w_1567.jpg,2
w_4043.jpg,0
w_434.jpg,0
w_6436.jpg,0
w_7613.jpg,0
w_8894.jpg,0
w_3115.jpg,2
w_8125.jpg,2
w_7273.jpg,0
w_6850.jpg,2
w_5944.jpg,2
w_5471.jpg,1
w_856.jpg,2
w_8535.jpg,2
w_7923.jpg,0
w_1612.jpg,2
w_172.jpg,0
w_5144.jpg,2
w_9006.jpg,0
w_3314.jpg,2
w_8720.jpg,0
w_1243.jpg,0
w_6669.jpg,0
w_483.jpg,0
w_454.jpg,0
w_7618.jpg,2
w_8888.jpg,2
w_1004.jpg,2
w_6780.jpg,2
w_6868.jpg,2
w_8059.jpg,0
w_1787.jpg,2
w_2296.jpg,0
w_146.jpg,0
w_4573.jpg,0
w_2245.jpg,2
w_5703.jpg,2
w_5814.jpg,2
w_7634.jpg,2
w_7846.jpg,2
w_3089.jpg,2
w_8078.jpg,0
w_2229.jpg,2
w_7764.jpg,0
w_7001.jpg,0
w_2263.jpg,2
w_3674.jpg,2
w_2731.jpg,0
w_8152.jpg,0
w_2983.jpg,0
w_1467.jpg,0
w_1490.jpg,0
w_3601.jpg,2
w_4038.jpg,2
w_5182.jpg,2
w_4188.jpg,0
w_2424.jpg,0
w_2496.jpg,0
w_9149.jpg,0
w_3098.jpg,0
w_1622.jpg,0
w_2167.jpg,2
w_5954.jpg,0
w_6923.jpg,2
w_8826.jpg,2
w_1742.jpg,0
w_8914.jpg,2
w_5918.jpg,0
w_5929.jpg,2
w_4702.jpg,2
w_7103.jpg,0
w_8171.jpg,0
w_8036.jpg,0
w_6367.jpg,0
w_1573.jpg,0
w_5640.jpg,0
w_5970.jpg,0
w_5830.jpg,2
w_7018.jpg,2
w_1133.jpg,2
w_7745.jpg,2
w_7333.jpg,0
w_9175.jpg,2
w_518.jpg,1
w_6733.jpg,0
w_456.jpg,2
w_150.jpg,0
w_418.jpg,0
w_1038.jpg,2
w_3537.jpg,0
w_5794.jpg,1
w_6732.jpg,0
w_3945.jpg,0
w_2583.jpg,2
w_725.jpg,0
w_3885.jpg,2
w_3586.jpg,2
w_3422.jpg,0
w_4162.jpg,0
w_1006.jpg,0
w_489.jpg,0
w_1136.jpg,2
w_3215.jpg,1
w_3052.jpg,0
w_2721.jpg,0
w_3156.jpg,0
w_6337.jpg,2
w_9017.jpg,2
w_9083.jpg,2
w_2487.jpg,2
w_3842.jpg,0
w_6355.jpg,2
w_7045.jpg,2
w_4208.jpg,2
w_8659.jpg,2
w_1824.jpg,1
w_1751.jpg,0
w_1427.jpg,2
w_6182.jpg,2
w_6964.jpg,2
w_6533.jpg,0
w_6271.jpg,0
w_3123.jpg,0
w_6689.jpg,1
w_712.jpg,2
w_9361.jpg,0
w_4721.jpg,2
w_6779.jpg,2
w_4508.jpg,2
w_5560.jpg,2
w_8100.jpg,0
w_5806.jpg,0
w_870.jpg,0
w_8982.jpg,2
w_7446.jpg,2
w_8343.jpg,0
w_615.jpg,0
w_4222.jpg,0
w_5487.jpg,0
w_40.jpg,0
w_8890.jpg,2
w_8908.jpg,0
w_3428.jpg,2
w_8799.jpg,2
w_4078.jpg,0
w_9258.jpg,0
w_669.jpg,2
w_6039.jpg,0
w_5255.jpg,2
w_1184.jpg,0
w_5253.jpg,0
w_541.jpg,0
w_5614.jpg,0
w_5413.jpg,0
w_5302.jpg,2
w_8988.jpg,0
w_6368.jpg,2
w_2894.jpg,2
w_1901.jpg,0
w_601.jpg,2
w_691.jpg,2
w_440.jpg,0
w_3686.jpg,2
w_5919.jpg,0
w_2096.jpg,0
w_4156.jpg,2
w_5541.jpg,0
w_4701.jpg,2
w_205.jpg,0
w_681.jpg,2
w_4106.jpg,0
w_9314.jpg,0
w_2760.jpg,0
w_5653.jpg,2
w_9144.jpg,0
w_3667.jpg,2
w_4623.jpg,0
w_4225.jpg,0
w_7890.jpg,0
w_7946.jpg,0
w_5582.jpg,2
w_4399.jpg,2
w_1933.jpg,0
w_6561.jpg,0
w_2718.jpg,2
w_333.jpg,2
w_1915.jpg,2
w_3607.jpg,0
w_5829.jpg,2
w_7117.jpg,0
w_8210.jpg,2
w_2534.jpg,0
w_1193.jpg,0
w_753.jpg,2
w_3699.jpg,2
w_1227.jpg,0
w_4147.jpg,0
w_4973.jpg,0
w_7918.jpg,2
w_4070.jpg,2
w_2557.jpg,0
w_3908.jpg,0
w_2572.jpg,2
w_3967.jpg,0
w_5283.jpg,0
w_1904.jpg,0
w_5940.jpg,0
w_15.jpg,0
w_7614.jpg,2
w_1251.jpg,2
w_6315.jpg,0
w_6129.jpg,0
w_4337.jpg,0
w_7631.jpg,0
w_445.jpg,0
w_7779.jpg,2
w_5941.jpg,0
w_2256.jpg,0
w_4791.jpg,0
w_8990.jpg,2
w_2139.jpg,2
w_4051.jpg,2
w_7268.jpg,2
w_4471.jpg,2
w_1084.jpg,0
w_1620.jpg,0
w_617.jpg,0
w_7727.jpg,0
w_8867.jpg,0
w_4902.jpg,1
w_1556.jpg,2
w_7498.jpg,0
w_6500.jpg,2
w_9463.jpg,2
w_612.jpg,2
w_9393.jpg,0
w_6040.jpg,0
w_5169.jpg,0
w_8457.jpg,0
w_5930.jpg,0
w_7455.jpg,0
w_7832.jpg,0
w_3405.jpg,2
w_7808.jpg,2
w_441.jpg,2
w_8589.jpg,0
w_9113.jpg,0
w_3348.jpg,0
w_861.jpg,0
w_6676.jpg,0
w_5313.jpg,2
w_2863.jpg,2
w_2660.jpg,2
w_7891.jpg,2
w_6710.jpg,0
w_7266.jpg,0
w_2002.jpg,0
w_437.jpg,0
w_3709.jpg,2
w_1390.jpg,2
w_1667.jpg,0
w_4884.jpg,2
w_6.jpg,0
w_2046.jpg,0
w_4346.jpg,0
w_3421.jpg,0
w_7542.jpg,2
w_7664.jpg,2
w_7799.jpg,2
w_9241.jpg,2
w_9206.jpg,2
w_2358.jpg,2
w_6154.jpg,2
w_6976.jpg,2
w_7713.jpg,2
w_4449.jpg,2
w_213.jpg,0
w_3877.jpg,2
w_5448.jpg,0
w_6962.jpg,2
w_7798.jpg,0
w_4451.jpg,2
w_7556.jpg,2
w_1261.jpg,2
w_7972.jpg,0
w_1848.jpg,0
w_1085.jpg,0
w_5419.jpg,2
w_5008.jpg,0
w_613.jpg,2
w_4780.jpg,2
w_7970.jpg,0
w_8987.jpg,0
w_1789.jpg,0
w_4695.jpg,0
w_8432.jpg,2
w_2823.jpg,0
w_8772.jpg,2
w_5877.jpg,2
w_8275.jpg,2
w_5391.jpg,2
w_3359.jpg,0
w_9375.jpg,2
w_1403.jpg,0
w_2437.jpg,2
w_8220.jpg,0
w_9360.jpg,2
w_8358.jpg,2
w_815.jpg,0
w_8596.jpg,0
w_5559.jpg,0
w_7815.jpg,2
w_1191.jpg,0
w_9309.jpg,0
w_6822.jpg,2
w_2575.jpg,0
w_6719.jpg,0
w_5512.jpg,0
w_6761.jpg,0
w_215.jpg,2
w_8193.jpg,0
w_2571.jpg,0
w_903.jpg,0
w_1041.jpg,0
w_367.jpg,0
w_3887.jpg,0
w_6159.jpg,0
w_397.jpg,0
w_6703.jpg,2
w_5404.jpg,0
w_6928.jpg,2
w_8567.jpg,0
w_8883.jpg,2
w_5539.jpg,2
w_2749.jpg,2
w_6334.jpg,0
w_3238.jpg,0
w_5202.jpg,0
w_1384.jpg,2
w_3768.jpg,0
w_6385.jpg,0
w_8472.jpg,0
w_5275.jpg,0
w_173.jpg,0
w_9274.jpg,0
w_4932.jpg,0
w_5418.jpg,2
w_1252.jpg,2
w_1628.jpg,0
w_7561.jpg,2
w_6806.jpg,0
w_4761.jpg,2
w_6833.jpg,0
w_6794.jpg,0
w_1708.jpg,0
w_6735.jpg,2
w_3076.jpg,2
w_6863.jpg,2
w_22.jpg,0
w_6194.jpg,0
w_5297.jpg,0
w_2929.jpg,0
w_4951.jpg,0
w_3783.jpg,1
w_6272.jpg,2
w_6795.jpg,2
w_7150.jpg,0
w_1137.jpg,2
w_8884.jpg,2
w_5469.jpg,2
w_3514.jpg,0
w_5121.jpg,2
w_8029.jpg,0
w_7444.jpg,2
w_8887.jpg,0
w_7855.jpg,2
w_5111.jpg,2
w_5882.jpg,0
w_5527.jpg,0
w_1822.jpg,2
w_4087.jpg,2
w_767.jpg,2
w_9343.jpg,0
w_4811.jpg,2
w_7245.jpg,2
w_4875.jpg,2
w_8717.jpg,0
w_954.jpg,0
w_4962.jpg,0
w_5506.jpg,0
w_1031.jpg,0
w_8042.jpg,0
w_4642.jpg,2
w_209.jpg,2
w_5330.jpg,2
w_4485.jpg,0
w_9265.jpg,0
w_6666.jpg,0
w_8293.jpg,0
w_4804.jpg,0
w_4526.jpg,2
w_1987.jpg,0
w_7520.jpg,0
w_6916.jpg,2
w_2431.jpg,0
w_7379.jpg,0
w_4230.jpg,0
w_1547.jpg,2
w_6502.jpg,2
w_6007.jpg,0
w_5666.jpg,2
w_6748.jpg,0
w_8801.jpg,2
w_5162.jpg,0
w_4988.jpg,2
w_5753.jpg,0
w_1121.jpg,0
w_1198.jpg,2
w_5224.jpg,2
w_230.jpg,0
w_1475.jpg,0
w_8277.jpg,2
w_7595.jpg,2
w_7647.jpg,0
w_3637.jpg,2
w_2690.jpg,0
w_2915.jpg,1
w_282.jpg,0
w_4941.jpg,0
w_6529.jpg,0
w_8692.jpg,2
w_1196.jpg,0
w_3672.jpg,0
w_2995.jpg,2
w_8609.jpg,0
w_9004.jpg,0
w_7864.jpg,2
w_4009.jpg,2
w_689.jpg,0
w_4992.jpg,0
w_7786.jpg,0
w_9190.jpg,2
w_4289.jpg,2
w_6078.jpg,0
w_1369.jpg,2
w_3670.jpg,2
w_3046.jpg,2
w_5358.jpg,0
w_974.jpg,0
w_1724.jpg,2
w_8451.jpg,2
w_5707.jpg,2
w_7440.jpg,0
w_4246.jpg,2
w_5904.jpg,2
w_9018.jpg,2
w_4585.jpg,2
w_2290.jpg,2
w_9296.jpg,0
w_3687.jpg,0
w_7996.jpg,0
w_1211.jpg,2
w_6120.jpg,2
w_3431.jpg,0
w_7700.jpg,2
w_1166.jpg,0
w_1240.jpg,2
w_2602.jpg,2
w_316.jpg,0
w_3646.jpg,2
w_1575.jpg,2
w_7251.jpg,0
w_1761.jpg,0
w_8897.jpg,2
w_5953.jpg,2
w_4401.jpg,0
w_8713.jpg,2
w_8380.jpg,0
w_6680.jpg,0
w_6742.jpg,0
w_7563.jpg,2
w_9279.jpg,0
w_2587.jpg,0
w_442.jpg,0
w_5160.jpg,0
w_5631.jpg,0
w_6545.jpg,2
w_7725.jpg,2
w_1143.jpg,0
w_5677.jpg,0
w_8505.jpg,0
w_369.jpg,0
w_6948.jpg,2
w_8878.jpg,2
w_7473.jpg,0
w_7987.jpg,0
w_2300.jpg,2
w_8003.jpg,0
w_6090.jpg,2
w_7901.jpg,2
w_5838.jpg,2
w_6152.jpg,0
w_7101.jpg,0
w_4891.jpg,0
w_9415.jpg,2
w_6176.jpg,0
w_4976.jpg,0
w_4268.jpg,0
w_4696.jpg,2
w_3025.jpg,0
w_3620.jpg,0
w_8235.jpg,2
w_5771.jpg,2
w_1783.jpg,0
w_7325.jpg,0
w_6980.jpg,2
w_1271.jpg,0
w_5883.jpg,2
w_5689.jpg,2
w_2976.jpg,2
w_8376.jpg,2
w_2455.jpg,0
w_7415.jpg,0
w_3255.jpg,2
w_7193.jpg,0
w_8270.jpg,0
w_3730.jpg,2
w_8592.jpg,0
w_8099.jpg,2
w_6450.jpg,2
w_448.jpg,2
w_1011.jpg,0
w_398.jpg,0
w_5737.jpg,0
w_1037.jpg,0
w_8961.jpg,2
w_3617.jpg,0
w_4590.jpg,2
w_4281.jpg,2
w_3452.jpg,2
w_7204.jpg,2
w_7912.jpg,0
w_4160.jpg,2
w_4460.jpg,0
w_8385.jpg,2
w_4863.jpg,0
w_375.jpg,0
w_3137.jpg,0
w_2369.jpg,2
w_7962.jpg,2
w_2474.jpg,0
w_2032.jpg,0
w_9224.jpg,1
w_823.jpg,0
w_8500.jpg,2
w_83.jpg,2
w_7022.jpg,2
w_5366.jpg,0
w_4795.jpg,0
w_7845.jpg,2
w_1231.jpg,2
w_8074.jpg,2
w_2454.jpg,1
w_2629.jpg,2
w_1579.jpg,2
w_6862.jpg,2
w_5706.jpg,2
w_2194.jpg,0
w_530.jpg,0
w_88.jpg,0
w_4714.jpg,2
w_116.jpg,2
w_4733.jpg,0
w_7494.jpg,0
w_8303.jpg,2
w_941.jpg,2
w_7715.jpg,2
w_3155.jpg,2
w_6647.jpg,2
w_4126.jpg,2
w_124.jpg,2
w_8590.jpg,0
w_8787.jpg,2
w_1928.jpg,0
w_2231.jpg,0
w_531.jpg,2
w_7417.jpg,0
w_1908.jpg,0
w_7844.jpg,0
w_6232.jpg,0
w_1930.jpg,2
w_2755.jpg,0
w_6405.jpg,2
w_7671.jpg,2
w_9327.jpg,0
w_8621.jpg,0
w_3778.jpg,0
w_1586.jpg,2
w_3454.jpg,2
w_5168.jpg,2
w_2134.jpg,2
w_9215.jpg,0
w_2356.jpg,2
w_2617.jpg,1
w_6602.jpg,2
w_8628.jpg,0
w_853.jpg,2
w_686.jpg,0
w_5942.jpg,2
w_5005.jpg,2
w_4402.jpg,0
w_4242.jpg,0
w_18.jpg,2
w_5780.jpg,2
w_3840.jpg,2
w_8086.jpg,2
w_4945.jpg,2
w_5922.jpg,0
w_658.jpg,2
w_1357.jpg,2
w_872.jpg,0
w_5024.jpg,0
w_643.jpg,2
w_2472.jpg,2
w_3245.jpg,2
w_677.jpg,0
w_3340.jpg,2
w_8180.jpg,2
w_6063.jpg,2
w_6023.jpg,2
w_7628.jpg,0
w_5119.jpg,2
w_2242.jpg,2
w_4924.jpg,0
w_5170.jpg,0
w_8779.jpg,2
w_5984.jpg,0
w_7123.jpg,0
w_5497.jpg,2
w_5803.jpg,0
w_3708.jpg,0
w_805.jpg,2
w_3439.jpg,2
w_797.jpg,0
w_7252.jpg,0
w_771.jpg,2
w_3668.jpg,2
w_9073.jpg,2
w_71.jpg,2
w_5252.jpg,1
w_4687.jpg,0
w_5055.jpg,0
w_3739.jpg,2
w_5790.jpg,2
w_6751.jpg,2
w_5718.jpg,2
w_4318.jpg,2
w_7084.jpg,2
w_1835.jpg,2
w_5201.jpg,2
w_3825.jpg,0
w_6864.jpg,0
w_7623.jpg,0
w_492.jpg,2
w_5214.jpg,0
w_2772.jpg,0
w_8703.jpg,0
w_4326.jpg,0
w_5519.jpg,0
w_2865.jpg,0
w_4138.jpg,0
w_3092.jpg,2
w_9054.jpg,2
w_6278.jpg,2
w_4916.jpg,0
w_3889.jpg,0
w_2011.jpg,0
w_6880.jpg,2
w_2293.jpg,0
w_2817.jpg,0
w_9434.jpg,0
w_2649.jpg,0
w_5680.jpg,0
w_7127.jpg,0
w_1122.jpg,2
w_8653.jpg,0
w_2187.jpg,2
w_5728.jpg,2
w_3684.jpg,0
w_1676.jpg,0
w_6125.jpg,0
w_551.jpg,0
w_2840.jpg,0
w_407.jpg,2
w_5590.jpg,2
w_4132.jpg,0
w_6799.jpg,2
w_8264.jpg,0
w_7964.jpg,2
w_2963.jpg,0
w_763.jpg,0
w_2320.jpg,0
w_467.jpg,2
w_700.jpg,2
w_6631.jpg,2
w_3653.jpg,0
w_716.jpg,0
w_3438.jpg,2
w_2553.jpg,0
w_919.jpg,0
w_854.jpg,0
w_7090.jpg,0
w_6914.jpg,2
w_5637.jpg,0
w_1294.jpg,0
w_1278.jpg,2
w_6594.jpg,2
w_2631.jpg,0
w_7124.jpg,0
w_2702.jpg,0
w_6550.jpg,0
w_8647.jpg,2
w_2560.jpg,0
w_3918.jpg,0
w_2939.jpg,2
w_5059.jpg,0
w_4019.jpg,2
w_5655.jpg,2
w_5083.jpg,0
w_8138.jpg,2
w_5731.jpg,0
w_4705.jpg,2
w_3374.jpg,2
w_4079.jpg,0
w_5862.jpg,2
w_5113.jpg,2
w_424.jpg,0
w_2686.jpg,0
w_3271.jpg,2
w_151.jpg,0
w_5154.jpg,2
w_9066.jpg,0
w_7537.jpg,2
w_3843.jpg,2
w_2439.jpg,2
w_6608.jpg,0
w_7412.jpg,0
w_3961.jpg,0
w_8929.jpg,0
w_7318.jpg,2
w_8597.jpg,0
w_1883.jpg,0
w_2689.jpg,0
w_570.jpg,2
w_7503.jpg,0
w_4467.jpg,0
w_4185.jpg,0
w_2058.jpg,2
w_6614.jpg,0
w_3766.jpg,0
w_971.jpg,2
w_3013.jpg,0
w_4083.jpg,0
w_4141.jpg,2
w_6569.jpg,0
w_6896.jpg,2
w_4286.jpg,2
w_8677.jpg,2
w_6906.jpg,2
w_1064.jpg,0
w_947.jpg,2
w_2638.jpg,2
w_4604.jpg,0
w_7504.jpg,0
w_6035.jpg,0
w_5025.jpg,2
w_8190.jpg,0
w_7099.jpg,2
w_1253.jpg,2
w_6777.jpg,0
w_3382.jpg,2
w_5304.jpg,0
w_1755.jpg,0
w_4644.jpg,0
w_8812.jpg,2
w_5199.jpg,0
w_8048.jpg,0
w_3563.jpg,2
w_8196.jpg,0
w_4571.jpg,2
w_3523.jpg,2
w_1815.jpg,2
w_5995.jpg,2
w_5793.jpg,0
w_2839.jpg,2
w_3585.jpg,0
w_1299.jpg,2
w_5682.jpg,2
w_5642.jpg,0
w_6048.jpg,0
w_3277.jpg,2
w_311.jpg,2
w_9193.jpg,2
w_7389.jpg,0
w_60.jpg,2
w_7706.jpg,0
w_2574.jpg,0
w_562.jpg,2
w_1458.jpg,0
w_2374.jpg,2
w_2488.jpg,2
w_6520.jpg,2
w_3038.jpg,2
w_3576.jpg,0
w_3833.jpg,0
w_4023.jpg,0
w_4439.jpg,0
w_4747.jpg,2
w_1104.jpg,2
w_9013.jpg,0
w_2639.jpg,2
w_391.jpg,0
w_7723.jpg,2
w_3535.jpg,2
w_1951.jpg,0
w_2699.jpg,0
w_6576.jpg,0
w_1566.jpg,2
w_327.jpg,2
w_6214.jpg,2
w_5989.jpg,2
w_703.jpg,2
w_7510.jpg,0
w_2524.jpg,0
w_2538.jpg,0
w_2542.jpg,0
w_5927.jpg,0
w_4119.jpg,2
w_741.jpg,2
w_8087.jpg,0
w_2838.jpg,0
w_6412.jpg,0
w_3721.jpg,2
w_4413.jpg,0
w_3502.jpg,2
w_8954.jpg,0
w_2768.jpg,2
w_7825.jpg,0
w_5310.jpg,0
w_1912.jpg,0
w_3733.jpg,2
w_4700.jpg,0
w_3030.jpg,2
w_5200.jpg,0
w_8629.jpg,0
w_8968.jpg,2
w_2921.jpg,2
w_6162.jpg,0
w_5960.jpg,0
w_7937.jpg,0
w_1781.jpg,2
w_7438.jpg,0
w_1314.jpg,0
w_7511.jpg,0
w_5654.jpg,0
w_2407.jpg,2
w_2546.jpg,2
w_9377.jpg,0
w_6673.jpg,2
w_8172.jpg,0
w_5635.jpg,2
w_3375.jpg,2
w_464.jpg,2
w_5600.jpg,2
w_1409.jpg,0
w_7145.jpg,0
w_3950.jpg,0
w_6817.jpg,2
w_3910.jpg,2
w_5509.jpg,2
w_654.jpg,2
w_427.jpg,2
w_1053.jpg,0
w_3956.jpg,2
w_2808.jpg,0
w_496.jpg,2
w_3108.jpg,0
w_6212.jpg,2
w_7960.jpg,2
w_122.jpg,0
w_6555.jpg,2
w_7841.jpg,2
w_7362.jpg,2
w_1803.jpg,2
w_1752.jpg,2
w_8247.jpg,0
w_5697.jpg,2
w_500.jpg,0
w_3852.jpg,0
w_6573.jpg,2
w_881.jpg,2
w_1515.jpg,2
w_4187.jpg,0
w_1250.jpg,2
w_394.jpg,0
w_458.jpg,2
w_9005.jpg,2
w_8837.jpg,0
w_130.jpg,2
w_1062.jpg,0
w_3286.jpg,2
w_5375.jpg,2
w_1668.jpg,2
w_4864.jpg,0
w_7326.jpg,2
w_7765.jpg,0
w_874.jpg,2
w_4986.jpg,0
w_8631.jpg,0
w_1090.jpg,2
w_1871.jpg,0
w_2083.jpg,2
w_7877.jpg,2
w_7492.jpg,0
w_8869.jpg,0
w_916.jpg,2
w_476.jpg,2
w_4444.jpg,0
w_3139.jpg,0
w_9382.jpg,2
w_3306.jpg,2
w_8496.jpg,0
w_6406.jpg,2
w_8105.jpg,2
w_8102.jpg,0
w_3503.jpg,0
w_6257.jpg,0
w_7133.jpg,0
w_5992.jpg,0
w_4238.jpg,2
w_3538.jpg,0
w_6058.jpg,2
w_9424.jpg,2
w_1050.jpg,0
w_659.jpg,2
w_2510.jpg,2
w_8233.jpg,0
w_341.jpg,2
w_6246.jpg,2
w_1449.jpg,2
w_2355.jpg,2
w_280.jpg,2
w_4715.jpg,2
w_2490.jpg,0
w_7956.jpg,2
w_2406.jpg,2
w_8519.jpg,0
w_5163.jpg,0
w_6297.jpg,0
w_3749.jpg,0
w_5937.jpg,2
w_7596.jpg,2
w_4474.jpg,0
w_6113.jpg,2
w_2079.jpg,2
w_473.jpg,0
w_3671.jpg,2
w_7552.jpg,2
w_2762.jpg,2
w_8016.jpg,2
w_6260.jpg,2
w_8695.jpg,2
w_1897.jpg,0
w_4822.jpg,0
w_2347.jpg,0
w_4800.jpg,0
w_6139.jpg,2
w_5700.jpg,0
w_438.jpg,2
w_2389.jpg,2
w_3402.jpg,2
w_4852.jpg,2
w_5285.jpg,0
w_6174.jpg,2
w_980.jpg,0
w_8512.jpg,0
w_1129.jpg,0
w_2191.jpg,0
w_8700.jpg,0
w_5505.jpg,2
w_2433.jpg,0
w_5949.jpg,0
w_2304.jpg,0
w_7582.jpg,2
w_58.jpg,2
w_963.jpg,2
w_8351.jpg,2
w_8268.jpg,0
w_5352.jpg,2
w_6888.jpg,2
w_249.jpg,0
w_2099.jpg,0
w_1941.jpg,2
w_1405.jpg,0
w_3630.jpg,2
w_5813.jpg,0
w_2286.jpg,0
w_6300.jpg,2
w_8479.jpg,2
w_2603.jpg,0
w_232.jpg,0
w_8843.jpg,2
w_7459.jpg,0
w_7543.jpg,2
w_4859.jpg,0
w_6997.jpg,2
w_2519.jpg,0
w_6451.jpg,2
w_4250.jpg,0
w_81.jpg,1
w_2115.jpg,0
w_8524.jpg,2
w_4248.jpg,2
w_4425.jpg,0
w_8738.jpg,0
w_3513.jpg,2
w_1863.jpg,0
w_5218.jpg,2
w_4985.jpg,0
w_5298.jpg,0
w_3555.jpg,0
w_2295.jpg,0
w_6208.jpg,2
w_6291.jpg,2
w_1959.jpg,0
w_2781.jpg,0
w_887.jpg,2
w_4109.jpg,2
w_2160.jpg,2
w_8864.jpg,0
w_3548.jpg,0
w_7404.jpg,0
w_884.jpg,2
w_7982.jpg,0
w_7627.jpg,0
w_4565.jpg,2
w_6151.jpg,2
w_7983.jpg,0
w_9381.jpg,2
w_7257.jpg,2
w_3936.jpg,2
w_9081.jpg,2
w_8528.jpg,2
w_6512.jpg,0
w_2882.jpg,2
w_4096.jpg,0
w_295.jpg,2
w_2763.jpg,0
w_883.jpg,2
w_1711.jpg,2
w_3140.jpg,0
w_4592.jpg,0
w_7963.jpg,0
w_6516.jpg,2
w_305.jpg,2
w_8255.jpg,2
w_7255.jpg,2
w_3554.jpg,0
w_9173.jpg,2
w_9011.jpg,2
w_1338.jpg,2
w_2905.jpg,2
w_7886.jpg,0
w_8510.jpg,2
w_4271.jpg,2
w_5286.jpg,0
w_3675.jpg,2
w_6031.jpg,0
w_5047.jpg,0
w_624.jpg,0
w_8267.jpg,2
w_7674.jpg,2
w_6118.jpg,2
w_1716.jpg,0
w_1340.jpg,2
w_5595.jpg,0
w_9414.jpg,0
w_7984.jpg,0
w_4995.jpg,2
w_3939.jpg,2
w_1962.jpg,2
w_2668.jpg,0
w_3700.jpg,0
w_3802.jpg,0
w_7181.jpg,2
w_4327.jpg,0
w_590.jpg,0
w_9252.jpg,2
w_235.jpg,0
w_4939.jpg,0
w_8668.jpg,0
w_212.jpg,2
w_5641.jpg,0
w_5516.jpg,0
w_5082.jpg,2
w_6169.jpg,0
w_8563.jpg,2
w_4994.jpg,2
w_8381.jpg,0
w_1487.jpg,0
w_7108.jpg,2
w_9278.jpg,2
w_3748.jpg,2
w_9471.jpg,2
w_9194.jpg,0
w_3707.jpg,0
w_7285.jpg,0
w_6542.jpg,2
w_6704.jpg,2
w_3070.jpg,1
w_9104.jpg,0
w_2773.jpg,2
w_8092.jpg,0
w_6108.jpg,0
w_8269.jpg,2
w_9184.jpg,0
w_5662.jpg,2
w_8185.jpg,0
w_3.jpg,2
w_8.jpg,0
w_46.jpg,2
w_48.jpg,0
w_94.jpg,2
w_100.jpg,0
w_206.jpg,0
w_262.jpg,0
w_270.jpg,0
w_278.jpg,0
w_281.jpg,2
w_287.jpg,0
w_336.jpg,2
w_359.jpg,0
w_384.jpg,2
w_417.jpg,0
w_420.jpg,2
w_431.jpg,2
w_509.jpg,2
w_540.jpg,2
w_559.jpg,0
w_581.jpg,2
w_585.jpg,0
w_611.jpg,2
w_623.jpg,2
w_663.jpg,0
w_668.jpg,0
w_683.jpg,0
w_699.jpg,2
w_733.jpg,0
w_814.jpg,2
w_821.jpg,2
w_835.jpg,0
w_918.jpg,2
w_956.jpg,0
w_996.jpg,0
w_997.jpg,0
w_1043.jpg,2
w_1046.jpg,0
w_1069.jpg,2
w_1149.jpg,0
w_1156.jpg,2
w_1164.jpg,0
w_1195.jpg,0
w_1234.jpg,0
w_1237.jpg,2
w_1258.jpg,0
w_1295.jpg,0
w_1298.jpg,2
w_1316.jpg,2
w_1372.jpg,2
w_1392.jpg,2
w_1451.jpg,0
w_1476.jpg,0
w_1497.jpg,0
w_1513.jpg,0
w_1520.jpg,0
w_1531.jpg,0
w_1578.jpg,0
w_1596.jpg,0
w_1652.jpg,2
w_1659.jpg,0
w_1660.jpg,0
w_1661.jpg,0
w_1747.jpg,0
w_1750.jpg,0
w_1754.jpg,0
w_1765.jpg,0
w_1773.jpg,2
w_1832.jpg,0
w_1857.jpg,2
w_1880.jpg,2
w_1889.jpg,2
w_1920.jpg,0
w_1925.jpg,0
w_1938.jpg,0
w_1945.jpg,0
w_1957.jpg,0
w_1964.jpg,0
w_1967.jpg,0
w_1970.jpg,0
w_1981.jpg,0
w_1989.jpg,0
w_1991.jpg,2
w_2039.jpg,2
w_2059.jpg,2
w_2065.jpg,2
w_2071.jpg,0
w_2080.jpg,0
w_2090.jpg,2
w_2162.jpg,2
w_2177.jpg,0
w_2211.jpg,2
w_2325.jpg,0
w_2385.jpg,2
w_2414.jpg,0
w_2443.jpg,2
w_2495.jpg,2
w_2499.jpg,0
w_2535.jpg,0
w_2588.jpg,0
w_2621.jpg,2
w_2715.jpg,0
w_2797.jpg,2
w_2809.jpg,2
w_2835.jpg,2
w_2844.jpg,2
w_2853.jpg,0
w_2859.jpg,0
w_2909.jpg,0
w_2952.jpg,0
w_2960.jpg,2
w_2992.jpg,2
w_3079.jpg,0
w_3085.jpg,2
w_3116.jpg,0
w_3149.jpg,0
w_3178.jpg,0
w_3183.jpg,0
w_3193.jpg,0
w_3204.jpg,0
w_3208.jpg,0
w_3216.jpg,0
w_3243.jpg,2
w_3263.jpg,2
w_3279.jpg,0
w_3288.jpg,2
w_3309.jpg,2
w_3319.jpg,0
w_3322.jpg,0
w_3360.jpg,0
w_3401.jpg,2
w_3524.jpg,2
w_3533.jpg,2
w_3546.jpg,2
w_3583.jpg,0
w_3592.jpg,0
w_3600.jpg,0
w_3603.jpg,2
w_3619.jpg,0
w_3640.jpg,2
w_3656.jpg,0
w_3718.jpg,0
w_3725.jpg,0
w_3741.jpg,2
w_3744.jpg,2
w_3752.jpg,0
w_3781.jpg,2
w_3822.jpg,2
w_3835.jpg,0
w_3850.jpg,0
w_3880.jpg,0
w_3894.jpg,0
w_3896.jpg,0
w_3904.jpg,0
w_3941.jpg,2
w_3964.jpg,2
w_3991.jpg,0
w_4026.jpg,0
w_4032.jpg,0
w_4057.jpg,2
w_4089.jpg,0
w_4095.jpg,0
w_4150.jpg,0
w_4159.jpg,2
w_4175.jpg,0
w_4219.jpg,0
w_4254.jpg,2
w_4267.jpg,2
w_4272.jpg,0
w_4301.jpg,2
w_4335.jpg,2
w_4383.jpg,0
w_4443.jpg,0
w_4507.jpg,2
w_4548.jpg,0
w_4572.jpg,0
w_4574.jpg,2
w_4575.jpg,2
w_4613.jpg,0
w_4677.jpg,0
w_4680.jpg,2
w_4682.jpg,2
w_4712.jpg,0
w_4730.jpg,0
w_4743.jpg,0
w_4754.jpg,0
w_4776.jpg,2
w_4779.jpg,2
w_4790.jpg,0
w_4797.jpg,0
w_4815.jpg,2
w_4816.jpg,0
w_4820.jpg,0
w_4846.jpg,0
w_4866.jpg,2
w_4872.jpg,0
w_4892.jpg,2
w_4930.jpg,0
w_4947.jpg,0
w_4997.jpg,2
w_4998.jpg,2
w_5040.jpg,0
w_5117.jpg,0
w_5128.jpg,0
w_5136.jpg,2
w_5189.jpg,2
w_5250.jpg,0
w_5263.jpg,2
w_5264.jpg,0
w_5271.jpg,0
w_5309.jpg,2
w_5339.jpg,0
w_5392.jpg,2
w_5442.jpg,2
w_5480.jpg,2
w_5491.jpg,2
w_5524.jpg,0
w_5558.jpg,0
w_5607.jpg,0
w_5620.jpg,0
w_5639.jpg,0
w_5649.jpg,0
w_5659.jpg,0
w_5664.jpg,2
w_5676.jpg,0
w_5679.jpg,0
w_5748.jpg,0
w_5750.jpg,2
w_5792.jpg,2
w_5816.jpg,2
w_5822.jpg,0
w_5831.jpg,2
w_5860.jpg,2
w_5863.jpg,0
w_5874.jpg,2
w_5889.jpg,2
w_6022.jpg,0
w_6037.jpg,2
w_6041.jpg,0
w_6097.jpg,0
w_6133.jpg,0
w_6134.jpg,2
w_6135.jpg,2
w_6138.jpg,2
w_6153.jpg,2
w_6179.jpg,2
w_6186.jpg,2
w_6225.jpg,2
w_6240.jpg,2
w_6251.jpg,2
w_6263.jpg,0
w_6286.jpg,0
w_6296.jpg,2
w_6311.jpg,2
w_6383.jpg,0
w_6387.jpg,0
w_6416.jpg,0
w_6417.jpg,2
w_6440.jpg,2
w_6456.jpg,2
w_6465.jpg,2
w_6481.jpg,0
w_6525.jpg,0
w_6531.jpg,2
w_6552.jpg,0
w_6593.jpg,0
w_6601.jpg,0
w_6632.jpg,2
w_6636.jpg,0
w_6675.jpg,0
w_6717.jpg,0
w_6784.jpg,0
w_6808.jpg,2
w_6815.jpg,0
w_6865.jpg,2
w_6879.jpg,0
w_6884.jpg,2
w_6908.jpg,0
w_6973.jpg,2
w_7040.jpg,0
w_7077.jpg,0
w_7094.jpg,0
w_7104.jpg,0
w_7112.jpg,2
w_7130.jpg,0
w_7141.jpg,2
w_7165.jpg,2
w_7182.jpg,2
w_7188.jpg,2
w_7196.jpg,0
w_7217.jpg,0
w_7259.jpg,0
w_7275.jpg,0
w_7299.jpg,2
w_7313.jpg,0
w_7317.jpg,2
w_7355.jpg,0
w_7356.jpg,0
w_7372.jpg,0
w_7409.jpg,2
w_7413.jpg,0
w_7430.jpg,0
w_7458.jpg,0
w_7489.jpg,2
w_7521.jpg,2
w_7530.jpg,0
w_7540.jpg,0
w_7549.jpg,0
w_7600.jpg,0
w_7689.jpg,0
w_7701.jpg,2
w_7704.jpg,0
w_7722.jpg,2
w_7777.jpg,2
w_7788.jpg,2
w_7885.jpg,0
w_7896.jpg,0
w_7909.jpg,0
w_7919.jpg,2
w_7989.jpg,0
w_8009.jpg,0
w_8023.jpg,2
w_8076.jpg,0
w_8182.jpg,2
w_8204.jpg,2
w_8213.jpg,2
w_8298.jpg,2
w_8306.jpg,2
w_8316.jpg,0
w_8333.jpg,2
w_8335.jpg,2
w_8363.jpg,0
w_8395.jpg,0
w_8408.jpg,0
w_8420.jpg,0
w_8439.jpg,2
w_8471.jpg,2
w_8487.jpg,0
w_8495.jpg,0
w_8502.jpg,0
w_8526.jpg,2
w_8537.jpg,2
w_8551.jpg,0
w_8562.jpg,0
w_8572.jpg,2
w_8606.jpg,0
w_8619.jpg,0
w_8622.jpg,0
w_8624.jpg,2
w_8683.jpg,2
w_8690.jpg,2
w_8691.jpg,2
w_8731.jpg,0
w_8733.jpg,0
w_8815.jpg,2
w_8819.jpg,2
w_8886.jpg,2
w_8898.jpg,0
w_8913.jpg,2
w_8938.jpg,0
w_8971.jpg,0
w_8983.jpg,2
w_9010.jpg,2
w_9016.jpg,2
w_9057.jpg,0
w_9070.jpg,0
w_9080.jpg,0
w_9118.jpg,0
w_9138.jpg,2
w_9186.jpg,2
w_9191.jpg,0
w_9211.jpg,0
w_9246.jpg,2
w_9248.jpg,0
w_9281.jpg,2
w_9299.jpg,2
w_9304.jpg,2
w_9320.jpg,2
w_9342.jpg,2
w_9379.jpg,0
w_9397.jpg,0
w_9398.jpg,0
w_9399.jpg,0
w_9403.jpg,2
w_9428.jpg,0
w_9450.jpg,0
w_9468.jpg,0
